,Date,Open,High,Low,Close,Adj Close,Volume,SMA,LMA,RSI14,RSI28,Upper_band,Middle_band,Lower_band,SAR,slowk,slowd,fastk,fastd,HO,OL,HCY,CYL,AR,BR,MACD,MACD_Signal,MACD_Hist,MACD_Test
0,2019-06-12,10.359999656677246,10.699999809265137,9.600000381469727,9.920000076293944,9.920000076293944,110268250,,,,,,,,,,,,,0.3400001525878906,0.7599992752075195,,,,,,,,0
1,2019-06-13,10.5,10.539999961853027,10.039999961853027,10.34000015258789,10.34000015258789,25704500,,,,,,,,9.600000381469727,,,,,0.039999961853027344,0.46000003814697266,0.6199998855590838,-0.11999988555908381,,,,,,0
2,2019-06-14,10.600000381469727,10.720000267028807,10.359999656677246,10.5,10.5,15759500,,,,,,,,9.618800373077393,,,,,0.11999988555908025,0.24000072479248047,0.3800001144409162,-0.01999950408935547,,,,,,0
3,2019-06-17,10.5,11.079999923706056,10.5,10.739999771118164,10.739999771118164,9807500,,,,,,,,9.66284836883545,,,,,0.5799999237060565,0.0,0.5799999237060565,0.0,,,,,,0
4,2019-06-18,10.739999771118164,10.880000114440918,10.600000381469727,10.720000267028807,10.720000267028807,7363000,,,,,,,,9.747877462127686,,,,,0.1400003433227539,0.1399993896484375,0.1400003433227539,0.1399993896484375,,,,,,0
5,2019-06-19,10.800000190734863,10.960000038146973,10.420000076293944,10.579999923706056,10.579999923706056,6319500,,,,,,,,9.82780480982239,,,,,0.15999984741210938,0.38000011444091975,0.23999977111816584,0.3000001907348633,,,,,,0
6,2019-06-20,10.579999923706056,10.619999885559082,10.420000076293944,10.600000381469727,10.600000381469727,8715500,,,,,,,,9.902936516655409,,,33.33342163647795,53.64406271525314,0.03999996185302557,0.15999984741211293,0.03999996185302557,0.15999984741211293,,,,,,0
7,2019-06-21,10.65999984741211,10.899999618530273,10.640000343322754,10.899999618530273,10.899999618530273,4995500,,,,,,,,9.973560321078448,,,72.72722018322098,52.66123899310828,0.23999977111816406,0.01999950408935547,0.2999992370605469,-0.039999961853027344,,,,,,0
8,2019-06-24,10.899999618530273,11.100000381469727,10.539999961853027,11.0600004196167,11.0600004196167,9471000,,,,,,,,10.039946697236104,66.72609904276554,57.67713358370899,94.11765530859766,66.72609904276554,0.20000076293945312,0.3599996566772461,0.20000076293945312,0.3599996566772461,,,,,,0
9,2019-06-25,11.100000381469727,11.15999984741211,10.859999656677246,11.0600004196167,11.0600004196167,6393000,,,,,,,,10.124750991974794,84.44381170784855,67.94371658124079,86.48655963172699,84.44381170784855,0.05999946594238281,0.24000072479248047,0.09999942779541016,0.20000076293945312,,,,,,0
10,2019-06-26,11.0600004196167,11.380000114440918,11.0600004196167,11.31999969482422,11.31999969482422,11881000,,,,,,,,10.228275877518525,91.45139049286881,80.87376708116098,93.74995653828178,91.45139049286881,0.31999969482421875,0.0,0.31999969482421875,0.0,,,,,,0
11,2019-06-27,11.420000076293945,11.420000076293945,11.31999969482422,11.359999656677244,11.359999656677244,3474500,,,,,,,,10.366482785949213,91.13942918493257,89.01154379521665,93.18177138478892,91.13942918493257,0.0,0.10000038146972479,0.10000038146972479,0.0,,,,,,0
12,2019-06-28,11.34000015258789,11.359999656677244,10.979999542236328,11.119999885559082,11.119999885559082,3782500,,,,,,,,10.513975206597475,84.2802671970503,88.9570289582839,65.90907366808021,84.2802671970503,0.019999504089353692,0.3600006103515625,0.0,0.3800001144409162,,,,,,0
13,2019-07-02,11.260000228881836,11.380000114440918,11.020000457763672,11.239999771118164,11.239999771118164,2832000,,,,,,,,10.640818688354981,75.64931916650058,83.68967184949447,67.8571124466326,75.64931916650058,0.11999988555908203,0.23999977111816406,0.26000022888183594,0.09999942779541016,,,,,,0
14,2019-07-03,11.34000015258789,11.859999656677244,11.199999809265137,11.579999923706055,11.579999923706055,12378000,,,83.73984685380411,,,,,10.749904082666436,67.31601292618417,75.74853309657834,68.18185266383973,67.31601292618417,0.5199995040893537,0.1400003433227539,0.6199998855590803,0.039999961853027344,,,,,,0
15,2019-07-04,11.68000030517578,11.68000030517578,11.300000190734865,11.539999961853027,11.539999961853027,2999000,,,82.298719397198,,,,,10.927519374508165,66.55845605162018,69.84126271476829,63.636403044388246,66.55845605162018,0.0,0.3800001144409144,0.10000038146972479,0.27999973297118963,,,,,,0
16,2019-07-05,11.520000457763672,11.539999961853027,11.359999656677244,11.5,11.5,2726000,,,80.80119909352972,,,,,11.076716219655218,63.63640304438824,65.83695734073085,59.09095342493675,63.63640304438824,0.01999950408935547,0.16000080108642756,0.0,0.18000030517578303,,,,,,0
17,2019-07-08,11.380000114440918,11.600000381469727,11.220000267028807,11.34000015258789,11.34000015258789,3651000,,,74.92807857941524,,,,,11.202041569578743,53.607531521521054,61.267463539176475,38.09523809523818,53.607531521521054,0.2200002670288086,0.15999984741211115,0.10000038146972656,0.2799997329711932,,,,,,0
18,2019-07-09,11.380000114440918,11.399999618530273,10.800000190734863,11.079999923706056,11.079999923706056,4869500,,,66.47269630562624,,,,,11.859999656677244,41.20042465901911,52.81478640830945,26.415082456882416,41.20042465901911,0.01999950408935547,0.5799999237060547,0.05999946594238281,0.5399999618530273,,,,,,0
19,2019-07-10,11.079999923706056,11.479999542236328,11.079999923706056,11.4399995803833,11.4399995803833,3994800,10.996999979019165,,71.30170308826223,,,,,11.838799667358396,45.745838154448165,46.85126477832943,72.72719391122392,45.745838154448165,0.39999961853027166,0.0,0.39999961853027166,0.0,,,,,,0
20,2019-07-11,11.5,11.600000381469727,11.399999618530273,11.520000457763672,11.520000457763672,6902000,11.076999998092651,,72.25796072406033,,,,,11.818023677825925,63.04742942967747,49.99789741438156,90.00001192092611,63.04742942967747,0.10000038146972656,0.10000038146972656,0.16000080108642578,0.039999961853027344,,,,,,0
21,2019-07-12,11.520000457763672,12.199999809265135,11.520000457763672,12.079999923706055,12.079999923706055,13602730,11.163999986648559,,77.82741524018627,,,,,10.800000190734863,84.71859436651516,64.50395398354691,91.42857726739548,84.71859436651516,0.6799993515014631,0.0,0.6799993515014631,0.0,,,,,,0
22,2019-07-15,12.220000267028807,12.65999984741211,12.0600004196167,12.4399995803833,12.4399995803833,5975661,11.260999965667725,,80.53306192459256,,,,,10.828000183105468,89.86687188648473,79.2109652275591,88.17202647113264,89.86687188648473,0.43999958038330256,0.1599998474121076,0.5799999237060547,0.01999950408935547,,,,,,0
23,2019-07-16,12.300000190734865,12.600000381469727,12.300000190734865,12.520000457763672,12.520000457763672,3081313,11.35,,81.08543001136638,,,,,10.901280169677733,90.24662748228086,88.2773645784269,91.13927870831446,90.24662748228086,0.3000001907348615,0.0,0.16000080108642578,0.13999938964843572,,,,,,0
24,2019-07-17,12.779999732971193,13.460000038146973,12.699999809265135,13.34000015258789,13.34000015258789,10536608,11.480999994277955,,85.59668214746678,,13.4221239097027,12.23068792595469,11.03925194220668,10.971628956787107,91.16202306765679,90.4251741454741,94.17476402352335,91.16202306765679,0.6800003051757795,0.07999992370605824,0.9399995803833008,-0.17999935150146307,,,,,,0
25,2019-07-18,13.279999732971193,13.5,12.739999771118164,12.979999542236328,12.979999542236328,4240266,11.600999975204468,,76.9225051875325,,13.414419214107147,12.534201028541943,11.65398284297674,11.1209312216687,86.3504624260239,89.25303765865384,73.73734454623396,86.3504624260239,0.22000026702880682,0.5399999618530291,0.15999984741210938,0.6000003814697266,103.81938206884003,,,,,0
26,2019-07-19,12.9399995803833,13.15999984741211,12.84000015258789,13.140000343322756,13.140000343322756,4464500,11.72799997329712,,77.9900685011218,,13.4962184860007,12.79632119843955,12.0964239108784,11.311256723935204,80.97070837553598,86.1610646230722,75.00001655685072,80.97070837553598,0.2200002670288086,0.09999942779541016,0.18000030517578125,0.1399993896484375,114.90188657299802,209.60458065527652,,,,0
27,2019-07-22,12.779999732971193,13.380000114440918,12.779999732971193,13.039999961853027,13.039999961853027,1901000,11.834999990463256,,75.63506084901815,,13.529618107565755,12.987385853243616,12.445153598921477,11.486356186020387,70.13467283263869,79.15194787806617,61.6666573948315,70.13467283263869,0.6000003814697248,0.0,0.2399997711181623,0.3600006103515625,138.3619908274638,175.12439876401854,,,,0
28,2019-07-23,13.199999809265135,13.359999656677244,12.859999656677244,13.199999809265135,13.199999809265135,2348500,11.94199995994568,,76.84007662884837,77.333326763578,13.378812489052487,13.127098059968738,12.875383630884988,11.647447691138757,66.38888635017479,72.49808918611647,62.49998509884222,66.38888635017479,0.15999984741210938,0.3400001525878906,0.319999694824217,0.18000030517578303,136.28685955699174,165.40285966747902,,,,0
29,2019-07-24,13.199999809265135,13.4399995803833,12.84000015258789,12.880000114440918,12.880000114440918,3664102,12.032999944686889,,69.44283931700477,73.2802975329688,13.41277189173906,13.185650726538796,12.958529561338532,11.795651875847655,47.529244917199094,61.35093470000417,18.42109225792365,47.529244917199094,0.23999977111816584,0.3599996566772443,0.23999977111816584,0.3599996566772443,119.99995138131263,144.97818521567066,,,,0
30,2019-07-25,12.84000015258789,13.199999809265135,12.84000015258789,13.0,13.0,7563500,12.116999959945678,,70.58636623984785,73.8140102741003,13.418591653277746,13.195737502739348,12.97288335220095,11.931999725779843,38.08481961849319,50.66765029528901,33.333381498713806,38.08481961849319,0.3599996566772443,0.0,0.319999694824217,0.039999961853027344,127.82250047972073,152.2321303127963,,,,0
31,2019-07-26,12.960000038146973,13.140000343322756,12.899999618530273,13.0600004196167,13.0600004196167,2321500,12.201999998092651,,71.1673658704328,74.08244439270312,13.393044752885112,13.186899325441196,12.98075389799728,12.057439747717455,31.39294334210827,39.00233595926684,42.42435626968744,31.39294334210827,0.18000030517578303,0.06000041961669922,0.14000034332275568,0.10000038146972656,137.06887869718224,157.0093395470711,,,,0
32,2019-07-29,13.039999961853027,13.479999542236328,13.020000457763672,13.380000114440918,13.380000114440918,2878967,12.315000009536742,,74.10515397825269,75.47304343924642,13.553245520729421,13.208780790047491,12.864316059365562,12.172844567900059,53.377604091426065,40.95178901734249,84.37507450587702,53.377604091426065,0.4399995803833008,0.01999950408935547,0.4199991226196289,0.039999961853027344,150.2221318939775,170.67304650354532,,,,0
33,2019-07-30,13.300000190734865,13.460000038146973,13.100000381469727,13.199999809265135,13.199999809265135,5369000,12.413000011444092,,69.79709298938153,73.18252791402521,13.577967169313746,13.233502438631817,12.889037707949887,12.279017002468054,61.01647692518804,48.59567478624078,56.24999999999972,61.01647692518804,0.1599998474121076,0.1999998092651385,0.07999992370605469,0.2799997329711914,142.7349497293539,153.57142553037474,0.6639857902766888,0.6704502114739856,-0.0064644211972968435,0
34,2019-07-31,13.100000381469727,13.140000343322756,12.859999656677244,13.020000457763672,13.020000457763672,657500,12.485000038146973,,65.68482990648312,70.94955717551848,13.514368736163766,13.229721771860014,12.945074807556262,12.37669564227061,56.25004967058456,56.88137689573288,28.125074505877024,56.25004967058456,0.03999996185302912,0.24000072479248225,-0.05999946594237926,0.3400001525878906,142.98230955959684,148.43046805522485,0.6305264080206303,0.6624654507833145,-0.03193904276268422,0
35,2019-08-01,12.84000015258789,13.0600004196167,12.739999771118164,13.039999961853027,13.039999961853027,1420300,12.560000038146972,,65.92505133003898,71.05133349505974,13.47593103919995,13.20463804235549,12.933345045511032,12.46655999088896,41.63855112019692,52.9683592386565,40.54057885471412,41.63855112019692,0.2200002670288086,0.10000038146972656,0.039999961853027344,0.2800006866455078,151.13109606905078,144.4933815211944,0.598721708197278,0.6497167022661072,-0.050994994068829236,0
36,2019-08-02,12.760000228881836,13.0,12.699999809265135,12.81999969482422,12.81999969482422,3601500,12.626000022888183,,60.87653065901145,68.32081409958211,13.519951396250917,13.144206665046838,12.768461933842758,12.549235191617843,28.01675311337716,41.9684513013862,15.384605979540432,28.01675311337716,0.23999977111816406,0.060000419616700995,-0.039999961853027344,0.3400001525878924,147.32129419495735,127.0491734399362,0.5494305778240083,0.6296594773776875,-0.08022889955367918,0
37,2019-08-05,12.760000228881836,12.9399995803833,12.5,12.899999618530273,12.899999618530273,3519000,12.703999996185303,,62.01565046776528,68.77335618530113,13.334673567127542,13.074950450774068,12.815227334420594,13.5,32.53060336960278,34.06196920105895,41.66662527455389,32.53060336960278,0.17999935150146484,0.26000022888183594,0.11999988555908025,0.3199996948242205,146.1205513632496,119.61537579812894,0.5109326140058439,0.6059141047033187,-0.09498149069747486,0
38,2019-08-06,12.65999984741211,12.880000114440918,12.199999809265135,12.720000267028807,12.720000267028807,4519000,12.78600001335144,,57.92876589538777,66.55495054111697,13.232469496253211,12.991139760198386,12.749810024143562,13.48,37.456799153047335,32.668051878675755,55.31916620504777,37.456799153047335,0.2200002670288086,0.46000003814697443,-0.01999950408935547,0.6999998092651385,147.25728192453778,112.31884721496812,0.46058887512248425,0.5768490587871519,-0.11626018366466762,0
39,2019-08-07,12.800000190734865,12.84000015258789,12.359999656677244,12.800000190734865,12.800000190734865,1976500,12.854000043869018,,59.21521486389568,67.04490555129182,13.132110109191151,12.915370855023518,12.698631600855885,13.428799992370605,55.58440939409544,41.857270638915175,69.76743670268475,55.58440939409544,0.03999996185302557,0.44000053405762074,0.11999988555908381,0.3600006103515625,139.67599799844265,104.84426896252434,0.4222786590836112,0.5459349788464437,-0.12365631976283253,0
40,2019-08-08,13.0600004196167,13.31999969482422,12.65999984741211,12.760000228881836,12.760000228881836,1340000,12.916000032424927,,58.25602876700776,66.53946747821705,12.973185549897186,12.851860035798417,12.730534521699647,13.379647985046386,58.362215160827674,50.46780790265681,50.000042574750616,58.362215160827674,0.2599992752075213,0.40000057220458984,0.5199995040893555,0.14000034332275568,127.69219370289129,101.36051023512911,0.38426035999839847,0.5136000550768347,-0.12933969507843623,0
41,2019-08-09,12.779999732971193,12.9399995803833,12.539999961853027,12.600000381469727,12.600000381469727,1127248,12.94200005531311,,54.45622006461258,64.52174004317285,12.981144308450371,12.784533483706113,12.587922658961855,13.332462058015135,51.827273243562026,55.25796593282837,35.71434045325084,51.827273243562026,0.1599998474121076,0.23999977111816584,0.17999935150146484,0.2200002670288086,134.38723720489054,103.78000673143109,0.33733138730333856,0.47834632152213546,-0.1410149342187969,0
42,2019-08-12,12.539999961853027,12.579999923706055,12.300000190734865,12.460000038146973,12.460000038146973,2480672,12.943000078201294,,51.30297569766188,62.79389651504347,12.950194170852974,12.70284008863036,12.455486006407746,13.31999969482422,36.309563850063086,48.83301741815092,23.214308522187917,36.309563850063086,0.039999961853027344,0.2399997711181623,-0.020000457763671875,0.3000001907348615,132.68474837661984,101.34673550459539,0.2855513227637605,0.4397873217704605,-0.1542359990067,0
43,2019-08-13,12.239999771118164,12.34000015258789,12.100000381469727,12.300000190734865,12.300000190734865,2375086,12.932000064849854,,47.89002253381038,60.86223524238218,12.97381225189764,12.60080280711297,12.2277933623283,13.275199699401858,25.1073617303356,37.74806627465356,16.39343621556816,25.1073617303356,0.10000038146972656,0.1399993896484375,-0.11999988555908203,0.3599996566772461,130.85931257229342,96.34544800424675,0.2289652294105462,0.3976229032984776,-0.1686576738879314,0
44,2019-08-14,12.5,12.579999923706055,12.220000267028807,12.279999732971193,12.279999732971193,1325482,12.879000043869018,,47.46494727692486,60.62049572103647,12.858279490056912,12.494301187024405,12.130322883991898,13.20468774032593,18.120599415577452,26.512508331992034,14.754053508976392,18.120599415577452,0.07999992370605469,0.2799997329711932,0.27999973297118963,0.07999992370605824,140.24890896309242,108.2733113279326,0.1804266271109487,0.3541836480609718,-0.1737570209500231,0
45,2019-08-15,12.18000030517578,12.18000030517578,12.0,12.119999885559082,12.119999885559082,3117601,12.836000061035156,,44.09318771414076,58.686688128425935,12.709657692747063,12.381169922301716,12.052682151856368,13.138406498794557,14.637813565172406,19.288591570361806,12.765950970972778,14.637813565172406,0.0,0.18000030517577947,-0.09999942779541371,0.2799997329711932,127.19994979859311,94.52050521867118,0.127578143155473,0.30886254707987204,-0.18128440392439904,0
46,2019-08-16,12.15999984741211,12.579999923706055,11.979999542236328,12.479999542236328,12.479999542236328,1846500,12.803000020980836,,52.30313923843697,61.54876231357811,12.5819071771599,12.318271165246799,12.054635153333697,13.047333978890993,36.951094943803206,23.236502641517678,83.33328035146054,36.951094943803206,0.4200000762939453,0.18000030517578125,0.46000003814697266,0.1400003433227539,131.49600874226292,97.97973619191492,0.1134366751400453,0.2697773726919067,-0.15634069755186142,0
47,2019-08-19,12.68000030517578,13.260000228881836,12.68000030517578,12.979999542236328,12.979999542236328,2921558,12.8,,60.892948770581654,65.03740667232782,12.955574433801797,12.361955325901874,11.768336218001952,11.979999542236328,58.07472980431328,36.55454610442962,78.12495809050662,58.07472980431328,0.5799999237060565,0.0,0.7800006866455078,-0.20000076293945135,129.52751640910856,103.13586019335632,0.14095049165057993,0.24401199648364136,-0.10306150483306142,0
48,2019-08-20,12.979999542236328,13.119999885559082,12.859999656677244,12.920000076293945,12.920000076293945,1441000,12.78600001335144,,59.50800795692936,64.31129192619069,13.152956433641352,12.469248903110277,11.785541372579202,11.979999542236328,78.29858025675742,57.774801668291296,73.43750232830519,78.29858025675742,0.1400003433227539,0.11999988555908381,0.1400003433227539,0.11999988555908381,124.60314667054142,93.83559082480537,0.15611434500501709,0.22643246618791651,-0.07031812118289943,0
49,2019-08-21,12.960000038146973,13.960000038146973,12.960000038146973,13.739999771118164,13.739999771118164,5851500,12.828999996185303,12.073199996948242,69.66314438817359,69.18698936795752,13.781263138942888,12.691793548600216,11.602323958257545,12.005599555969239,80.15044620142929,72.17458542083331,88.88887818547612,80.15044620142929,1.0,0.0,1.0399999618530273,-0.039999961853027344,138.4920292520616,112.36743341383921,0.23162885710623726,0.22747174437158066,0.004157112734656604,1
50,2019-08-22,13.859999656677244,13.960000038146973,13.699999809265135,13.81999969482422,13.81999969482422,1794500,12.869999980926513,12.151199989318847,70.44199174623876,69.60708524791528,14.007394760844504,12.979589269790111,11.951783778735718,12.083775575256348,85.08521929149128,81.17808191655932,92.92927736069262,85.08521929149128,0.10000038146972834,0.15999984741210938,0.2200002670288086,0.03999996185302912,124.99997206032705,95.91833954302757,0.2945347638389446,0.24088434826505345,0.053650415573891164,1
51,2019-08-23,13.800000190734865,13.960000038146973,13.65999984741211,13.800000190734865,13.800000190734865,974000,12.906999969482422,12.220399990081788,69.9584474256038,69.3619197710646,14.08695032455317,13.264621861098966,12.442293397644763,12.158824553771973,89.77272161979884,85.0027957042398,87.50000931322785,89.77272161979884,0.1599998474121076,0.14000034332275568,0.14000034332275213,0.15999984741211115,134.3219821873077,103.30881128364857,0.33886809484075897,0.26048109758019455,0.07838699726056442,1
52,2019-08-26,13.5600004196167,13.760000228881836,13.300000190734865,13.640000343322756,13.640000343322756,1354500,12.919999980926514,12.283199996948243,66.05205373331081,67.39261565932743,14.161988600728026,13.486284639468415,12.810580678208805,12.230871573146974,83.77947180490226,86.21247090539744,70.90912874078641,83.77947180490226,0.19999980926513672,0.26000022888183416,-0.03999996185302912,0.5,129.50811726984236,93.1034233283815,0.35697692081966714,0.27978026222808905,0.0771966585915781,1
53,2019-08-27,13.779999732971193,14.260000228881836,13.699999809265135,14.0,14.0,3147500,12.959999990463256,12.34840000152588,70.09786194095162,69.41855514262,13.912596645203623,13.676630706312935,13.440664767422247,12.300036711746975,79.46970779403459,84.34063373957855,79.9999853280896,79.46970779403459,0.48000049591064275,0.07999992370605824,0.6199998855590803,-0.05999946594237926,124.99992789763506,107.43491794502668,0.3958145557139243,0.3029871209252561,0.09282743478866823,1
54,2019-08-28,14.119999885559082,14.460000038146973,13.800000190734865,14.420000076293945,14.420000076293945,6397102,13.02999997138977,12.422399997711182,73.99215101238514,71.55667670580253,14.41728687555541,13.882183229874187,13.347079584192963,12.417634522775066,82.48694701391626,81.91204220428436,96.55172697287288,82.48694701391626,0.3400001525878906,0.319999694824217,0.46000003814697266,0.19999980926513494,129.14974168754324,109.62961942570753,0.45523647454382576,0.33343699164897,0.12179948289485576,1
55,2019-08-29,14.420000076293945,14.420000076293945,13.760000228881836,14.0600004196167,14.0600004196167,6085000,13.080999994277954,12.492000007629395,66.05166453030242,67.36983209823711,14.568315358825808,14.040436718292838,13.512558077759868,12.581023764004819,80.68966067656375,80.88210516150485,65.51726972872889,80.68966067656375,0.0,0.6599998474121094,0.0,0.6599998474121094,117.17552333771309,99.6491148230411,0.4678863075725559,0.3603268548336872,0.10755945273886869,1
56,2019-08-30,14.18000030517578,14.18000030517578,13.779999732971193,13.899999618530273,13.899999618530273,2383250,13.134999990463257,12.557999992370606,62.82468273153457,65.6007030576371,14.627152798526465,14.121568036192208,13.615983273857951,12.73134186593619,71.2643640361694,78.1469905755498,51.7240954069065,71.2643640361694,0.0,0.4000005722045863,0.11999988555908025,0.28000068664550604,102.48222387292716,92.25587749815608,0.45970151105458257,0.38020178607786626,0.07949972497671631,1
57,2019-09-02,13.979999542236328,14.0600004196167,13.779999732971193,13.979999542236328,13.979999542236328,2161000,13.18899998664856,12.619599990844726,63.77757193672138,66.06279857501916,14.51272449756013,14.149979122968716,13.787233748377302,12.869634519713053,51.36114138935261,67.77172203402857,36.842059032422554,51.36114138935261,0.0800008773803711,0.19999980926513494,0.16000080108642578,0.11999988555908025,98.26987358539019,92.28187983897588,0.45443191782696957,0.39504781242768694,0.05938410539928263,1
58,2019-09-03,14.020000457763672,14.020000457763672,12.5,13.279999732971193,13.279999732971193,6872500,13.216999959945678,12.663999977111816,51.36991900991927,58.885026257060005,14.804015569022155,14.06489148976253,13.325767410502905,14.460000038146973,42.787352802739925,55.13761940942063,39.79590396889085,42.787352802739925,0.0,1.5200004577636719,0.04000091552734375,1.4799995422363281,71.97800628691218,69.18922095510965,0.38928416720496095,0.3938950833831417,-0.004610916178180768,0
59,2019-09-04,13.34000015258789,13.9399995803833,13.34000015258789,13.779999732971193,13.779999732971193,4164000,13.265999937057495,12.718399963378907,57.70012072566358,61.94756449002333,14.518069408598151,13.966127190243029,13.414184971887906,14.420800037384033,47.76820437037831,47.305566187490264,66.66665010982165,47.76820437037831,0.5999994277954102,0.0,0.6599998474121076,-0.06000041961669744,80.22596145621692,80.73657693348302,0.37369223532498275,0.3898545137715099,-0.01616227844652718,0
60,2019-09-05,13.899999618530273,13.979999542236328,13.640000343322756,13.920000076293945,13.920000076293945,3604419,13.323999929428101,12.7703999710083,59.29774555362582,62.753173185298294,14.412237030157359,13.903371631073341,13.394506231989324,14.382384036636353,63.66211759662999,51.40589158991606,84.5237987111776,63.66211759662999,0.07999992370605469,0.25999927520751775,0.19999980926513494,0.1399993896484375,80.56336889284202,86.88049918040957,0.36838585186271366,0.3855607813897507,-0.01717492952703703,0
61,2019-09-06,14.0,14.140000343322756,13.739999771118164,13.899999618530273,13.899999618530273,2892500,13.388999891281127,12.821199970245361,58.95517257280486,62.556962595846514,14.383588338527305,13.874722939443288,13.36585754035927,14.344736355903626,78.85208711614632,63.42746969438486,85.36581252743984,78.85208711614632,0.14000034332275568,0.26000022888183594,0.22000026702881037,0.18000030517578125,77.68594248819365,90.82844539924703,0.35843482144403005,0.38013558940060654,-0.021700767956576494,0
62,2019-09-09,14.18000030517578,15.119999885559082,13.960000038146973,14.880000114440918,14.880000114440918,15022921,13.509999895095826,12.896399974822998,68.54440545111643,67.69030502922804,15.020664848114675,13.982944000126245,12.945223152137816,12.5,86.90977141031146,76.47465870769592,90.8397029923171,86.90977141031146,0.9399995803833026,0.22000026702880682,1.2200002670288086,-0.06000041961669922,85.44473413118935,116.35226397230574,0.4247303805169196,0.38905454762386915,0.03567583289305043,1
63,2019-09-10,14.880000114440918,15.5,14.5600004196167,15.0,15.0,6746639,13.644999885559082,12.971599979400635,69.48452857535673,68.24316504249313,15.253394026861823,14.194670019769589,13.135946012677355,12.552399997711182,84.35245524545483,83.37143792397086,76.8518502166077,84.35245524545483,0.619999885559082,0.31999969482421875,0.619999885559082,0.31999969482421875,90.6417144003155,124.21390079565798,0.4814037537893725,0.40752438885696984,0.07387936493240266,1
64,2019-09-11,14.960000038146973,15.0,14.220000267028807,14.359999656677244,14.359999656677244,2011640,13.748999881744385,13.027199974060059,59.304309000252516,62.34300619180899,15.290554602398135,14.364625681422275,13.438696760446415,12.670303997802735,68.8004002856544,80.02087564714022,38.70964764803858,68.8004002856544,0.039999961853027344,0.7399997711181658,0.0,0.7799997329711932,85.05154879899719,122.98142348657434,0.4692657282102548,0.41987265672762686,0.04939307148262795,1
65,2019-09-12,14.260000228881836,14.539999961853027,14.100000381469727,14.300000190734865,14.300000190734865,2317000,13.857999897003173,13.082399978637696,58.43987827742922,61.823347132555206,15.26346957245946,14.456856627110973,13.650243681762486,12.783491837890626,49.126566462280095,67.42647399779644,31.818201522194162,49.126566462280095,0.2799997329711914,0.15999984741210938,0.18000030517578303,0.25999927520751775,91.44385790353823,125.86759956311424,0.44962183933992783,0.42582249325008703,0.0237993460898408,1
66,2019-09-13,14.199999809265135,14.699999809265135,14.199999809265135,14.65999984741211,14.65999984741211,1227500,13.966999912261963,13.145599975585938,62.017292641992185,63.70577053042079,15.080041523716307,14.527519950280904,13.974998376845502,12.892152164375,38.660794455113574,52.19592040101602,45.454534195108145,38.660794455113574,0.5,0.0,0.3999996185302699,0.10000038146973012,100.00002693995644,124.7619976064273,0.45782535384210377,0.43222306536849037,0.0256022884736134,1
67,2019-09-16,14.5600004196167,15.31999969482422,14.5600004196167,15.100000381469727,15.100000381469727,5582144,14.072999954223633,13.220799980163575,65.88276093052546,65.84065501929997,15.287617610446315,14.638975705727773,13.990333801009232,12.996466077800001,49.567108869540014,45.78482326231122,71.42859089131788,49.567108869540014,0.7599992752075213,0.0,0.6599998474121112,0.09999942779541016,112.28071936610225,134.95158171141682,0.4941349835467843,0.44460544900414917,0.049529534542635145,1
68,2019-09-17,15.039999961853027,15.18000030517578,14.539999961853027,14.84000015258789,14.84000015258789,2474680,14.16899995803833,13.295999984741211,61.875564936591964,63.54996201106001,15.340345566959028,14.743500218177871,14.146654869396714,13.096607434688002,59.17962605635416,49.13584312700257,60.655753082636615,59.17962605635416,0.14000034332275213,0.5,0.07999992370605291,0.5600004196166992,109.57748329088597,131.05602010180567,0.4962107722245861,0.45492651364823655,0.04128425857634954,1
69,2019-09-18,15.0,15.199999809265135,14.68000030517578,14.760000228881836,14.760000228881836,1844917,14.219999980926513,13.362399997711181,60.65313887379972,62.852206324423754,15.334788874015196,14.813498027200517,14.292207180385837,13.192743137300482,62.06090752345458,56.935880816449576,54.09837859640941,62.06090752345458,0.19999980926513494,0.3199996948242205,0.3599996566772443,0.15999984741211115,108.24176378403317,142.94883580608604,0.4858005184745213,0.4611013146134935,0.024699203861027808,1
70,2019-09-19,14.880000114440918,15.039999961853027,14.859999656677244,14.899999618530273,14.899999618530273,2947954,14.273999977111817,13.429999980926514,62.065541653847575,63.577950085771405,15.161278200733499,14.865602479165958,14.569926757598417,13.285033411808463,59.08470701178606,60.108413530531585,62.499989356312305,59.08470701178606,0.15999984741210938,0.02000045776367365,0.2799997329711914,-0.09999942779540838,113.39030653970579,147.19482724324368,0.4832761909958627,0.46553628988996737,0.01773990110589535,1
71,2019-09-20,14.899999618530273,14.979999542236328,14.579999923706055,14.65999984741211,14.65999984741211,1663949,14.31699995994568,13.481599979400634,58.20808419350914,61.443883832090975,15.171250198517114,14.875574476949573,14.579898755382033,13.373632075336126,43.99432464408718,55.04664639310926,15.384605979539977,43.99432464408718,0.07999992370605469,0.31999969482421875,0.07999992370605469,0.31999969482421875,112.29050465355783,149.18042602994078,0.4566457396798409,0.4637581798479421,-0.007112440168101197,0
72,2019-09-23,14.600000381469727,14.760000228881836,14.4399995803833,14.65999984741211,14.65999984741211,2178783,14.367999935150147,13.525999984741212,58.20808419350914,61.443883832090975,15.045354254869803,14.853687917544946,14.662021580220088,13.45868679232268,35.61066339148932,46.229898349120845,28.947394838615836,35.61066339148932,0.15999984741210938,0.16000080108642578,0.10000038146972656,0.2200002670288086,108.9635764548241,141.42404929973526,0.430577485917377,0.4571220410618291,-0.026544555144452087,0
73,2019-09-24,14.699999809265135,14.699999809265135,14.18000030517578,14.68000030517578,14.68000030517578,2613000,14.401999950408936,13.569199981689453,58.45762432483485,61.55952375126495,15.001860598944736,14.81838330476183,14.634906010578925,13.540339320629773,31.11721083133199,36.90739962230282,49.01963167584034,31.11721083133199,0.0,0.5199995040893555,0.03999996185302557,0.4799995422363299,93.9947774502583,116.6181418664687,0.4068422525528046,0.4470660833600242,-0.040223830807219585,0
74,2019-09-25,14.619999885559082,14.619999885559082,14.079999923706055,14.239999771118164,14.239999771118164,3548500,14.392999935150147,13.58719997406006,51.21284775647024,57.61701395380655,15.158303386923214,14.730023121396044,14.301742855868875,13.618725747804582,31.54455887475918,32.75747769919348,16.666650109821553,31.54455887475918,0.0,0.5399999618530273,-0.06000041961669744,0.6000003814697248,87.37623183917276,106.26707096923704,0.34851013534744446,0.42735489375750824,-0.07884475841006378,0
75,2019-09-26,14.34000015258789,14.65999984741211,14.239999771118164,14.5,14.5,3846500,14.41499991416931,13.617599983215332,54.779223214083075,59.21755062675611,14.975762141821974,14.641480639852787,14.3071991378836,13.693976717892399,37.45099223645238,33.3709206475145,46.666694923695424,37.45099223645238,0.31999969482421875,0.10000038146972656,0.4200000762939453,0.0,77.9950968550667,97.29001359309261,0.31957746764324924,0.40579940853465646,-0.08622194089140722,0
76,2019-09-27,14.4399995803833,14.9399995803833,14.399999618530273,14.739999771118164,14.739999771118164,2336500,14.456999921798706,13.64959997177124,57.84271031846854,60.640391121511726,14.960556359223618,14.599757125019266,14.238957890814914,13.766217649176703,46.692514658164775,38.562688589792096,76.74419894097751,46.692514658164775,0.5,0.039999961853027344,0.4399995803833008,0.10000038146972656,84.11908717517541,99.46239164129915,0.3124127955694096,0.3871220859416071,-0.07470929037219748,0
77,2019-09-30,14.359999656677244,14.65999984741211,14.239999771118164,14.300000190734865,14.300000190734865,1659405,14.472999954223633,13.674799976348877,51.01878495851595,56.868245559657794,14.944958410450225,14.547687678243427,14.15041694603663,13.835568943209635,49.664110158600344,44.602539017739154,25.58143661112826,49.664110158600344,0.30000019073486506,0.11999988555908025,-0.07999992370605469,0.5,86.0696412369726,92.28793614058463,0.2681395070984216,0.36332557017296996,-0.09518606307454835,0
78,2019-10-02,14.199999809265135,14.600000381469727,14.18000030517578,14.399999618530273,14.399999618530273,2081700,14.528999948501587,13.69879997253418,52.39340505617518,57.491466577059406,14.847613381250428,14.495795330380226,14.143977279510024,13.90214618548125,46.51163908218052,47.62275463298187,37.20928169443597,46.51163908218052,0.4000005722045916,0.01999950408935547,0.3000001907348615,0.11999988555908558,91.28205874340935,101.62164614268927,0.23837389917921037,0.33833523597421805,-0.09996133679500768,0
79,2019-10-03,14.18000030517578,15.100000381469727,14.15999984741211,15.0,15.0,3552330,14.589999961853028,13.741199970245361,59.70116569425845,60.99801586004803,15.026798903378902,14.521720720132386,14.01664253688587,13.966060338062,50.717461965156026,48.96440373531228,89.36166758990403,50.717461965156026,0.9200000762939471,0.0200004577636701,0.7000007629394531,0.23999977111816406,97.67441459304123,98.70134293481317,0.26020003281639603,0.32270819534265366,-0.06250816252625763,0
80,2019-10-04,15.279999732971193,15.65999984741211,14.880000114440918,15.15999984741211,15.15999984741211,5304936,14.651999950408936,13.784399967193604,61.402647973586134,61.86789108014039,15.28910442994987,14.625056274773712,13.961008119597555,14.02741792453952,64.41253865033549,53.880546565890654,66.66666666666667,64.41253865033549,0.3800001144409162,0.3999996185302752,0.6599998474121094,0.11999988555908203,97.18669724278367,102.36224690234086,0.28709855802009976,0.31558626787814287,-0.02848770985804311,0
81,2019-10-08,15.300000190734865,15.479999542236328,14.5,15.239999771118164,15.239999771118164,4878283,14.71899995803833,13.827999954223634,62.26064176430628,62.303836066116105,15.55881257267256,14.773344647904082,13.987876723135605,14.125372839911876,76.00944305676917,63.71314789075353,71.99999491373698,76.00944305676917,0.17999935150146307,0.8000001907348651,0.31999969482421875,0.6599998474121094,97.73867766347406,106.56171907725829,0.31128288298507734,0.3147255908995298,-0.0034427079144524475,0
82,2019-10-09,15.220000267028807,15.899999618530273,15.140000343322756,15.5,15.5,3532305,14.749999952316283,13.870399951934814,64.98491497691042,63.70244611853718,15.692311554375857,14.957355560795285,14.222399567214714,14.21745046036189,71.89272491096317,70.77156887268926,77.01151315248596,71.89272491096317,0.6799993515014666,0.07999992370605113,0.6599998474121094,0.09999942779540838,110.7329686735439,116.39791155487158,0.347424091652087,0.3212652910500412,0.026158800602045784,1
83,2019-10-10,15.420000076293945,16.280000686645508,15.220000267028807,16.120000839233402,16.120000839233402,5899202,14.805999994277954,13.92879997253418,70.46084029741722,66.75291034789103,15.999691781062511,15.214060136425424,14.428428491788337,14.352054393015361,80.48811614669971,76.13009470481067,92.45284037387634,80.48811614669971,0.8600006103515625,0.1999998092651385,0.7800006866455078,0.2799997329711932,120.94239007779193,122.10532735262119,0.4212393609266005,0.3412601050253531,0.07997925590124744,1
84,2019-10-11,16.200000762939453,16.579999923706055,15.520000457763672,16.100000381469727,16.100000381469727,16725103,14.893000030517578,13.990399971008301,70.08009952803015,66.56576397068942,16.31654245890399,15.491571422776126,14.66660038664826,14.544849022378376,82.12915053695075,78.16999719820454,76.92309808449004,82.12915053695075,0.37999916076660156,0.6800003051757812,0.4599990844726527,0.6000003814697301,141.47056035104202,144.34527678420847,0.4726759101841562,0.36754326605711374,0.10513264412704248,1
85,2019-10-14,16.260000228881836,16.760000228881836,16.040000915527347,16.239999771118164,16.239999771118164,3041000,14.990000009536743,14.054399967193604,71.25114305217463,67.23262199913952,16.54896896641851,15.758222099266462,14.967475232114412,14.789067130537697,82.12235699201362,81.57987455855469,76.99113251767463,82.12235699201362,0.5,0.21999931335448863,0.6599998474121094,0.05999946594237926,135.61252938119037,141.81290491960863,0.5187566233330081,0.39778593751229263,0.12097068582071546,1
86,2019-10-15,16.200000762939453,16.5,15.81999969482422,16.360000610351562,16.360000610351562,3711571,15.075000047683716,14.12519998550415,72.25359249106337,67.803448007871,16.591374536193307,15.99732376245575,15.403272988718193,15.064997764305877,76.4076314602428,80.21971299640238,75.30866377856384,76.4076314602428,0.2999992370605469,0.3800010681152326,0.26000022888183594,0.42000007629394354,136.4145159909405,137.07868043047665,0.5585207062992126,0.4299328912696766,0.12858781502953598,1
87,2019-10-16,16.299999237060547,16.559999465942386,16.020000457763672,16.139999389648438,16.139999389648438,3925852,15.126999998092652,14.189999980926514,67.59974202833082,65.62975640152729,16.358166308909922,16.164506699195798,15.970847089481673,15.302298109346511,70.68000018118572,76.4033295444807,59.74020424731877,70.68000018118572,0.2600002288818395,0.279998779296875,0.19999885559082387,0.3400001525878906,137.70947373019794,133.7912194079067,0.5657600390935773,0.45709832083445673,0.10866171825912058,1
88,2019-10-17,16.200000762939453,16.84000015258789,16.200000762939453,16.620000839233402,16.620000839233402,3578391,15.216000032424926,14.267999992370605,71.85866526940082,67.95424980085666,16.691088356818074,16.31705018078494,15.943012004751804,15.506376406081456,72.79408317486559,73.29390493876468,83.33338149871425,72.79408317486559,0.6399993896484375,0.0,0.7000007629394531,-0.060001373291015625,137.75213972128532,126.64838353443884,0.6032751871005697,0.48633369408767935,0.11694149301289036,1
89,2019-10-18,16.600000381469727,17.020000457763672,16.299999237060547,16.739999771118164,16.739999771118164,4689373,15.315000009536742,14.346799983978272,72.8205253857451,68.50644983071717,16.920959949254296,16.467704577382968,16.01444920551164,15.719756205522485,73.24673667573377,72.24027334392834,76.66662428116841,73.24673667573377,0.4200000762939453,0.3000011444091797,0.3999996185302699,0.3200016021728551,135.26006781010207,123.6263681560753,0.6353650305373044,0.5161399613776043,0.1192250691597001,1
90,2019-10-21,16.899999618530273,17.180000305175778,16.600000381469727,17.100000381469727,17.100000381469727,3512053,15.425000047683715,14.433599987030028,75.52341656961875,70.10891215499593,17.300433874052167,16.64384838205433,15.987262890056492,15.953800170925899,84.70588702949347,76.91556896003091,94.11765530859789,84.70588702949347,0.28000068664550426,0.2999992370605469,0.44000053405761363,0.1399993896484375,148.14812034899785,142.16868750397623,0.6819840160438471,0.5493087723108528,0.13267524373299422,1
91,2019-10-22,17.100000381469727,17.100000381469727,16.34000015258789,16.5,16.5,4600926,15.51700005531311,14.511599979400636,64.08475512384847,64.44162465190513,17.375630665933894,16.749786661588935,16.123942657243976,16.199040197775876,70.7211853050972,76.22460300344146,41.37927632552539,70.7211853050972,0.0,0.7600002288818359,0.0,0.7600002288818359,131.63838824728407,129.6918643292646,0.6628736863258187,0.572021755113846,0.09085193121197266,1
92,2019-10-23,16.5,16.5,16.0,16.260000228881836,16.260000228881836,2998000,15.597000074386596,14.587599983215332,60.15972152005268,62.350893146141175,17.310147034125997,16.754506799520016,16.198866564914034,17.180000305175778,52.5102812124951,69.3124511823619,22.033912003362172,52.5102812124951,0.0,0.5,0.0,0.5,116.3588110323261,117.50662955515484,0.6212018088071023,0.5818577658524973,0.03934404295460503,1
93,2019-10-24,16.479999542236328,16.520000457763672,16.200000762939453,16.239999771118164,16.239999771118164,1761500,15.675000047683715,14.666399974822998,59.83084898415887,62.17655924710341,17.332871795192244,16.688089452813657,16.04330711043507,17.156400299072263,27.91738224094523,50.38294958617916,20.33895839394827,27.91738224094523,0.04000091552734375,0.279998779296875,0.26000022888183594,0.05999946594238281,103.05344483963835,112.80000213623045,0.5798782009146279,0.5814618528649234,-0.0015836519502954172,0
94,2019-10-25,16.239999771118164,16.600000381469727,16.180000305175778,16.5,16.5,2476430,15.788000059127807,14.750799980163574,62.68650686231053,63.55047193990717,17.242122524809,16.620382738943512,15.998642953078022,17.13327229309082,28.24858026487358,36.225414572771285,42.37287039731044,28.24858026487358,0.3600006103515625,0.059999465942386365,0.3600006103515625,0.059999465942386365,112.12940361152187,124.85717360828188,0.5616346152582263,0.5774964053435839,-0.015861790085357597,0
95,2019-10-28,16.5,16.899999618530273,16.120000839233402,16.540000915527347,16.540000915527347,4908665,15.890000104904175,14.83920000076294,63.120891859371916,63.760496848964095,16.835335211848346,16.575365596922964,16.315395981997582,17.110606847229004,37.267601362544916,31.14452128945456,49.090975296376186,37.267601362544916,0.39999961853027344,0.379999160766598,0.39999961853027344,0.379999160766598,113.9037727010897,121.60668819171107,0.5441317694411953,0.5708234781631062,-0.026691708721910845,0
96,2019-10-29,16.540000915527347,17.559999465942386,16.399999618530273,17.299999237060547,17.299999237060547,3641500,16.018000078201293,14.935599994659423,70.21547618966729,67.45533691666424,17.412142624880516,16.640817095188083,15.86949156549565,16.0,58.265719549785445,41.26063372573463,83.33331295566984,58.265719549785445,1.019998550415039,0.14000129699707387,1.019998550415039,0.14000129699707387,123.42105382036999,127.61395356269647,0.5848444284881502,0.573627668228115,0.011216760260035263,1
97,2019-10-30,17.440000534057614,17.5,16.819999694824222,17.040000915527347,17.040000915527347,2154000,16.155000114440917,15.016800022125244,65.56836069751039,65.10055716032821,17.52539388132764,16.750838739660864,15.976283597994087,16.031199989318846,65.43774778946035,53.65702290059689,63.88895511633513,65.43774778946035,0.059999465942386365,0.6200008392333913,0.20000076293945312,0.4799995422363246,118.48098988984484,126.50921190811613,0.5893363103144473,0.5767693966453814,0.012566913669065927,1
98,2019-10-31,17.0,17.360000610351562,16.260000228881836,16.620000839233402,16.620000839233402,6725191,16.266000175476073,15.090800037384033,58.798491006555984,61.50381641126388,17.44474418547653,16.81380907101996,16.18287395656339,16.061775978851315,60.64817446931673,61.450547269520825,34.72225533594534,60.64817446931673,0.3600006103515625,0.7399997711181641,0.3199996948242152,0.7800006866455114,112.7358502767064,120.53790506391806,0.5526352280487572,0.5719425629260566,-0.01930733487729941,0
99,2019-11-01,16.620000839233402,16.959999084472653,16.440000534057614,16.760000228881836,16.760000228881836,4222500,16.354000186920167,15.151200046539307,60.27099057657933,62.22525115779069,17.403144898456688,16.840523421554593,16.2779019446525,16.091740448593136,47.68521829890818,57.92371351922841,44.4444444444442,47.68521829890818,0.3399982452392507,0.18000030517578836,0.3399982452392507,0.18000030517578836,121.6215909069608,128.93398564018014,0.528751023988633,0.5633042551385719,-0.0345532311499388,0
100,2019-11-04,16.799999237060547,16.979999542236328,16.520000457763672,16.799999237060547,16.799999237060547,3914000,16.43600015640259,15.210800037384033,60.70311414470725,62.43384117333976,17.328458026404693,16.848858809668897,16.3692595929331,16.12110562894012,40.235036467607365,49.522809745277414,41.53840962243267,40.235036467607365,0.18000030517578125,0.279998779296875,0.2199993133544922,0.23999977111816406,127.91877355518618,138.82977036989072,0.5072034798761429,0.5520841000860861,-0.04488062020994321,0
101,2019-11-05,16.799999237060547,17.239999771118164,16.520000457763672,16.860000610351562,16.860000610351562,13240500,16.517000198364258,15.272000045776368,61.381677300925375,62.75378980407421,17.12917345181139,16.85506378956768,16.58095412732397,16.149883505680165,44.789996845386135,44.236750537300544,48.387136469281685,44.789996845386135,0.4400005340576172,0.279998779296875,0.4400005340576172,0.279998779296875,126.55089576205182,134.10257382114145,0.48932783857047113,0.5395328477829631,-0.050205009212491936,0
102,2019-11-06,16.739999771118164,17.15999984741211,16.739999771118164,16.879999160766598,16.879999160766598,2529500,16.586000156402587,15.336800022125244,61.61956067592131,62.863115067241814,17.049002290731206,16.864135590703512,16.679268890675818,16.17808582488541,48.763021935874356,44.59601841628927,56.363519715908865,48.763021935874356,0.4200000762939453,0.0,0.2999992370605469,0.12000083923339844,126.18456626112904,131.96930631271547,0.4713416468276783,0.5258946075919061,-0.054552960764227776,0
103,2019-11-07,16.860000610351562,17.020000457763672,16.379999160766598,16.799999237060547,16.799999237060547,14482500,16.620000076293945,15.392800006866455,60.026653190890414,62.10686853393113,16.952665925947947,16.865030400314907,16.777394874681868,16.20572409770655,51.19594656620435,48.249655115821604,48.837183513422616,51.19594656620435,0.15999984741210938,0.4800014495849645,0.14000129699707387,0.5,119.09307601571169,134.78262195144214,0.4454967260859455,0.5098150312907139,-0.06431830520476844,0
104,2019-11-08,17.020000457763672,17.200000762939453,16.459999084472653,16.600000381469727,16.600000381469727,6570000,16.645000076293947,15.43640001296997,56.12077885854907,60.22841214165543,17.033588959118685,16.835034677533315,16.636480395947945,16.232809605071267,43.59407412163471,47.85101420790446,25.58151913557278,43.59407412163471,0.18000030517578125,0.5600013732910192,0.40000152587890625,0.3400001525878942,109.41700991457762,132.3383328891151,0.4042166461290684,0.48869535425838484,-0.08447870812931646,0
105,2019-11-11,16.719999313354492,16.719999313354492,16.379999160766598,16.479999542236328,16.479999542236328,3429000,16.657000064849854,15.484799995422364,53.8563808815954,59.11586964808871,17.08538090675915,16.771030889111614,16.45668087146408,16.25935340228869,28.68221524340142,41.15741197708015,11.627943081209002,28.68221524340142,0.0,0.3400001525878942,0.11999893188476562,0.22000122070312855,95.67096872877052,125.43638629234542,0.3576955291171231,0.4624953892301325,-0.1047998601130094,0
106,2019-11-12,16.620000839233402,16.799999237060547,16.440000534057614,16.600000381469727,16.600000381469727,4417000,16.66900005340576,15.538800010681152,55.777935636631646,59.88433355248982,16.998969443986756,16.706559428445942,16.41414941290513,16.285366323561764,21.34627565154224,31.207521672192787,26.829364737845065,21.34627565154224,0.17999839782714488,0.18000030517578836,0.31999969482421875,0.03999900817871449,95.78708577020697,122.4181245234625,0.32674377471194305,0.4353450663264946,-0.10860129161455156,0
107,2019-11-13,16.420000076293945,16.739999771118164,16.280000686645508,16.319999694824222,16.319999694824222,2844000,16.678000068664552,15.58560001373291,50.49418873965051,57.27917280207531,16.938000069657928,16.622025495298246,16.306050920938564,17.559999465942386,14.268341912933522,21.43227760262572,4.347717919746626,14.268341912933522,0.31999969482421875,0.1399993896484375,0.1399993896484375,0.31999969482421875,105.02387893354998,125.52630284486068,0.27643401178788096,0.4035628554187719,-0.12712884363089094,0
108,2019-11-14,16.459999084472653,16.680000305175778,15.960000038146973,16.379999160766598,16.379999160766598,4252500,16.665999984741212,15.647600002288819,51.55324070903953,57.68821229028007,16.76449029592749,16.537650366645536,16.310810437363582,17.53439949035645,21.682653281725532,19.099090282067095,33.87087718758503,21.682653281725532,0.220001220703125,0.49999904632568004,0.3600006103515554,0.35999965667724965,94.76080802077118,117.55724412828866,0.2386535678993269,0.3705809979148829,-0.131927430015556,0
109,2019-11-15,16.5,16.65999984741211,16.079999923706055,16.200000762939453,16.200000762939453,2541183,16.639000034332277,15.696000022888184,48.22052001611289,56.01950422159157,16.71809331648914,16.445153978310003,16.172214640130868,17.47142351226807,22.26337907050836,19.404791421722468,28.571542104193558,22.26337907050836,0.15999984741210938,0.4200000762939453,0.28000068664551137,0.2999992370605433,84.66664257755711,110.91370371002334,0.19197495969388356,0.334859790270683,-0.14288483057679946,0
110,2019-11-18,16.100000381469727,16.420000076293945,15.979999542236328,16.299999237060547,16.299999237060547,2946500,16.598999977111816,15.743600006103515,50.148619992915975,56.740436415613324,16.63444789192409,16.36791455987776,16.101381227831432,17.410966573303227,34.30618433386214,26.084072228698677,40.47613370980798,34.30618433386214,0.31999969482421875,0.12000083923339844,0.2199993133544922,0.220001220703125,89.57343524240314,113.3333223130949,0.1611927379848197,0.30012637981351037,-0.13893364182869067,0
111,2019-11-19,16.280000686645508,16.319999694824222,16.120000839233402,16.200000762939453,16.200000762939453,4194068,16.584000015258788,15.7896000289917,48.21513872492197,55.792016586415514,16.441917317324112,16.301064108389966,16.16021089945582,17.352927911896977,33.27233667968709,29.947300028019196,30.76933422505988,33.27233667968709,0.03999900817871449,0.15999984741210582,0.020000457763675428,0.17999839782714488,84.72549486648941,103.14961664660196,0.12726157218048328,0.26555341828690493,-0.13829184610642165,0
112,2019-11-20,16.200000762939453,16.799999237060547,16.15999984741211,16.360000610351562,16.360000610351562,7001000,16.589000034332276,15.819200038909912,51.441110806990885,56.98503725380852,16.418800969090782,16.26575288093737,16.11270479278396,17.297210796946977,39.62154302889344,35.73335468081422,47.619161151812605,39.62154302889344,0.5999984741210938,0.04000091552734375,0.5999984741210938,0.04000091552734375,92.03974924058916,113.2596448563681,0.11199057173211813,0.23484084897594756,-0.12285027724382944,0
113,2019-11-21,16.360000610351562,16.579999923706055,16.200000762939453,16.34000015258789,16.34000015258789,4158739,16.59400005340576,15.84600004196167,51.01330536743133,56.78637924613854,16.391514457540836,16.255279832544346,16.119045207547856,17.243722366594977,40.76367505779691,37.885851588792484,43.902529796518394,40.76367505779691,0.2199993133544922,0.15999984741210938,0.2199993133544922,0.15999984741210938,92.92921630257841,116.43058269377875,0.09715438874746951,0.20730355693025196,-0.11014916818278245,0
114,2019-11-22,16.219999313354492,16.280000686645508,15.460000038146973,15.880000114440918,15.880000114440918,8266549,16.56300005912781,15.876400051116944,42.30006633985452,52.42711312432705,16.560007539240516,16.206374979504304,15.852742419768092,17.192373473457057,40.95499965394439,40.446739246878245,31.34330801350233,40.95499965394439,0.060001373291015625,0.7599992752075195,-0.05999946594238281,0.880000114440918,78.110560294628,93.24996471404987,0.04772826640022387,0.17538849882424634,-0.12766023242402247,0
115,2019-11-25,16.0,16.059999465942386,15.5,15.859999656677244,15.859999656677244,3895200,16.528999996185302,15.90760004043579,41.96444896196326,52.24627048632622,16.561635035082997,16.12594653624663,15.690258037410263,17.08843106733845,35.03219115210793,38.91695528794974,29.850735646303203,35.03219115210793,0.059999465942386365,0.5,0.1799993515014684,0.38000011444091797,72.2972620308495,89.82628097356648,0.006864706490034678,0.141683740357404,-0.13481903386736932,0
116,2019-11-26,15.800000190734865,16.100000381469727,15.739999771118164,15.859999656677244,15.859999656677244,33611044,16.457000017166138,15.931600036621093,41.96444896196327,52.24627048632623,16.51096221474217,16.03699961274073,15.563037010739288,16.990725205586962,30.348259768702864,35.44515019158505,29.850735646303203,30.348259768702864,0.3000001907348615,0.060000419616700995,0.24000072479248225,0.11999988555908025,74.53698506693972,87.56216379714233,-0.025229133399598425,0.1083011656060035,-0.13353029900560193,0
117,2019-11-27,15.880000114440918,16.399999618530273,15.699999809265135,15.899999618530273,15.899999618530273,3028607,16.399999952316286,15.947600021362305,43.01318640489996,52.597952507145095,16.335064627791965,15.961883391844196,15.588702155896428,16.898881695540563,32.99571737557693,32.7920560987959,39.28568083412452,32.99571737557693,0.5199995040893555,0.18000030517578303,0.5399999618530291,0.15999984741210938,86.35229413680803,101.88169975558223,-0.046895488112323136,0.07726183486233817,-0.12415732297466131,0
118,2019-11-28,15.699999809265135,15.800000190734865,14.800000190734865,14.859999656677244,14.859999656677244,6849500,16.311999893188478,15.948000011444092,28.56164198492401,43.883968154796975,16.598773683016734,15.786231906596718,14.973690130176704,16.812548796096948,24.295461480973113,29.21314620841763,3.749967962491758,24.295461480973113,0.10000038146973012,0.8999996185302699,-0.09999942779540838,1.0999994277954084,83.45148486301291,93.03481896611939,-0.14629909074888836,0.03254964974009286,-0.17884874048898122,0
119,2019-11-29,14.760000228881836,15.0600004196167,14.380000114440918,14.479999542236328,14.479999542236328,3905500,16.1979998588562,15.942399997711181,25.22656507852112,41.291837894199546,16.707199568029765,15.503578308668537,14.299957049307311,16.651544907667983,15.995372244834215,24.42885036712808,4.950467937886516,15.995372244834215,0.3000001907348633,0.38000011444091797,0.2000007629394549,0.47999954223632635,85.51394570207118,87.70685352675257,-0.2528255795420673,-0.02452539611633918,-0.2283001834257281,0
120,2019-12-02,14.479999542236328,14.619999885559082,14.119999885559082,14.380000114440918,14.380000114440918,4342324,16.07699990272522,15.932000007629394,24.418511172504886,40.63678209514449,16.494511275853352,15.174535693008409,13.854560110163463,16.424390428345276,6.701318682180426,15.664050802662581,11.403520146163155,6.701318682180426,0.1400003433227539,0.3599996566772461,0.1400003433227539,0.3599996566772461,80.13536575717791,82.19177261961318,-0.34138246295582064,-0.08789680948423548,-0.25348565347158514,0
121,2019-12-03,14.300000190734865,15.18000030517578,14.15999984741211,15.0,15.0,5816235,15.983999872207642,15.938800010681152,37.7353853541946,46.131407293846124,16.016320565613206,14.937239630261594,13.85815869490998,16.147863563210933,18.31682961726642,13.67117351476035,38.596500767749745,18.31682961726642,0.8800001144409144,0.14000034332275568,0.8000001907348615,0.2200002670288086,87.93495058154183,88.37208116035103,-0.35741555780284173,-0.14180055914795672,-0.215614998654885,0
122,2019-12-04,15.18000030517578,15.220000267028807,14.81999969482422,15.0,15.0,3754735,15.889999914169312,15.94560001373291,37.7353853541946,46.13140729384613,15.333870255383571,14.807205216683997,14.280540177984422,15.90451992189271,34.12699019723569,19.715046165560842,52.38094967779432,34.12699019723569,0.039999961853027344,0.36000061035155895,0.22000026702880682,0.18000030517577947,74.66057724900399,78.70372015834963,-0.36590398757982,-0.18662124483432938,-0.17928274274549064,0
123,2019-12-05,15.0600004196167,15.359999656677244,14.880000114440918,15.0,15.0,3492500,15.799999952316284,15.952000007629394,37.7353853541946,46.13140729384613,15.321680901735988,14.759627397085353,14.197573892434718,15.690377517532674,53.98173823650499,35.475186017002365,70.96776426397105,53.98173823650499,0.2999992370605451,0.18000030517578125,0.3599996566772443,0.11999988555908203,81.42851304035834,84.05797234989059,-0.36838462073751366,-0.22297392001496624,-0.14541070072254741,0
124,2019-12-06,15.18000030517578,15.65999984741211,14.920000076293945,15.18000030517578,15.18000030517578,4028500,15.728999948501587,15.970800018310547,41.474490997199716,47.69886624325176,15.334617031127031,14.784649728965043,14.234682426803055,14.119999885559082,64.05997057525758,50.722899669666084,68.83119778400751,64.05997057525758,0.4799995422363299,0.26000022888183416,0.6599998474121094,0.07999992370605469,87.87870614363561,96.30608373916918,-0.3517710227047317,-0.24873334055291935,-0.10303768215181236,0
125,2019-12-09,15.119999885559082,15.5,15.119999885559082,15.34000015258789,15.34000015258789,4249641,15.671999979019166,15.987600021362304,44.65596418300728,49.065074223345476,15.143327053814176,14.869217413840232,14.595107773866289,14.150799884796143,72.82188301989906,63.62119727722054,78.66668701171875,72.82188301989906,0.38000011444091797,0.0,0.3199996948242205,0.06000041961669744,90.43921990936393,97.58716502341058,-0.321982363794838,-0.26338314520130307,-0.05859921859353495,0
126,2019-12-10,15.300000190734865,15.600000381469727,15.239999771118164,15.420000076293945,15.420000076293945,2457942,15.612999963760377,16.00120002746582,46.229870357221856,49.74575384465856,15.332816254823307,14.989095348384133,14.64537444194496,14.180983884048462,72.97549622073117,69.95244993862927,71.4286038664674,72.97549622073117,0.3000001907348615,0.060000419616700995,0.26000022888183594,0.10000038146972656,94.6807697112155,100.00003908501986,-0.2885925959339559,-0.26842503534783363,-0.02016756058612229,0
127,2019-12-11,15.18000030517578,15.760000228881836,15.18000030517578,15.760000228881836,15.760000228881836,2721000,15.584999990463256,16.030400028228758,52.42261035350495,52.5410571455302,15.66312533433311,15.154008367959698,14.644891401586285,14.210564203315736,83.36509695939533,76.38749206667518,100.0,83.36509695939533,0.5799999237060565,0.0,0.3400001525878906,0.23999977111816584,100.2761306928162,99.17584458147269,-0.23202119759224793,-0.2611442677967165,0.029123070204468582,1
128,2019-12-12,15.800000190734865,15.899999618530273,15.520000457763672,15.619999885559082,15.619999885559082,2348584,15.54700002670288,16.054800033569336,49.87541107441501,51.322055004535194,15.724759587083852,15.31495975116679,14.905159915249726,14.27254164433838,80.95239639900105,79.0976631930425,71.42858533053588,80.95239639900105,0.09999942779540838,0.2799997329711932,0.1399993896484375,0.23999977111816406,92.28712530258838,95.40544117690663,-0.1962228792979399,-0.24815999009696119,0.051937110799021274,1
129,2019-12-13,15.779999732971193,15.779999732971193,15.220000267028807,15.479999542236328,15.479999542236328,1882500,15.510999965667725,16.064400024414063,47.39533739562006,50.11624616667877,15.73021905723986,15.431528509252125,15.13283796126439,14.370189122789894,72.52746775638526,78.94832037159387,46.15381793862003,72.52746775638526,0.0,0.5599994659423864,0.15999984741211115,0.3999996185302752,89.2104457422218,96.98632313132383,-0.177107724212215,-0.23394953692001194,0.05684181270779695,1
130,2019-12-16,15.18000030517578,15.84000015258789,15.0,15.239999771118164,15.239999771118164,5002500,15.457999992370606,16.066000022888183,43.41025889231959,48.10688655141585,15.827361539935843,15.4737287126785,15.120095885421158,14.461977752534317,48.08301860243602,67.18762758594077,26.666652538152285,48.08301860243602,0.6599998474121112,0.18000030517577947,0.3600006103515625,0.4799995422363281,100.55393674577842,94.62367217794045,-0.1792584223486422,-0.22301131400573798,0.04375289165709578,1
131,2019-12-17,15.239999771118164,15.4399995803833,14.699999809265135,14.960000038146973,14.960000038146973,3794000,15.395999956130982,16.06040002822876,39.26252434878415,45.88124418966322,15.996108499031775,15.428390193045885,14.860671887059995,14.548259064494074,31.495719886917595,50.70206874857962,21.666689183980612,31.495719886917595,0.19999980926513672,0.5399999618530291,0.19999980926513672,0.5399999618530291,100.53900585250051,91.75261824276592,-0.20123677226692038,-0.21865640565797445,0.017419633391054068,1
132,2019-12-18,14.800000190734865,15.039999961853027,14.699999809265135,15.0,15.0,4873500,15.327999925613403,16.05040002822876,40.14240643150634,46.24964930995093,15.855655308800229,15.337196282489558,14.818737256178887,14.629363497736247,24.444453863450317,34.67439745093464,25.000019868218196,24.444453863450317,0.2399997711181623,0.10000038146973012,0.07999992370605469,0.2600002288818377,102.45225490021572,86.21556583378305,-0.21297210049077897,-0.21751954462453535,0.004547444133756379,1
133,2019-12-19,15.0,15.199999809265135,14.460000038146973,14.699999809265135,14.699999809265135,4702200,15.245999908447265,16.022000007629394,35.93744886723159,43.92404205513923,15.730191849727966,15.200497832668042,14.670803815608117,15.899999618530273,21.35266512405208,25.764279624806658,17.391286319957576,21.35266512405208,0.19999980926513494,0.5399999618530273,0.19999980926513494,0.5399999618530273,95.6071725164429,84.6341745091863,-0.24367105262802902,-0.22274984622523408,-0.020921206402794934,0
134,2019-12-20,14.779999732971193,15.140000343322756,14.539999961853027,14.68000030517578,14.68000030517578,17161000,15.18599991798401,15.993600006103515,35.669202412145836,43.77187695275634,15.464322573838421,15.048322772496,14.63232297115358,15.871199626922607,19.44445106718371,21.747190018228693,15.942047013375497,19.44445106718371,0.3600006103515625,0.23999977111816584,0.44000053405762074,0.1599998474121076,100.80205514199218,87.75002664328291,-0.26654146214863594,-0.23150816940991445,-0.035033292738721494,0
135,2019-12-23,14.760000228881836,15.020000457763672,14.579999923706055,14.84000015258789,14.84000015258789,913990,15.13499994277954,15.96560001373291,39.556277879414374,45.3427994407106,15.188097044255427,14.927144991423646,14.666192938591864,15.842975635147095,24.036291109112806,21.611135766782855,38.77553999400547,24.036291109112806,0.26000022888183594,0.18000030517578125,0.3400001525878924,0.10000038146972479,105.52477556718898,90.76923866949245,-0.26865884403477125,-0.2389383043348858,-0.029720539699885445,0
136,2019-12-24,14.84000015258789,15.279999732971193,14.579999923706055,15.100000381469727,15.100000381469727,2273000,15.096999979019165,15.940400009155274,45.33644931847592,47.8004296002169,15.205840262294997,14.876574262852728,14.547308263410459,15.815316123207092,44.255479470303555,29.245407215533348,78.04885140352982,44.255479470303555,0.43999958038330256,0.26000022888183594,0.43999958038330256,0.26000022888183594,105.1489740961192,93.11226817133186,-0.24651536321954737,-0.24045371611181812,-0.0060616471077292455,0
137,2019-12-27,15.039999961853027,15.779999732971193,15.039999961853027,15.699999809265135,15.699999809265135,3874000,15.086999988555908,15.931600017547607,55.8330508295399,52.871758231833745,15.70942296672895,14.951573548491488,14.193724130254028,15.78820980150589,70.2545965718666,46.18212238376098,93.93939831806465,70.2545965718666,0.7399997711181658,0.0,0.6799993515014666,0.06000041961669922,117.17444084916076,103.1087928645401,-0.17849398813311979,-0.22806177051607845,0.04956778238295867,1
138,2019-12-30,15.880000114440918,16.379999160766598,15.31999969482422,16.100000381469727,16.100000381469727,3811500,15.149000024795532,15.921200008392335,61.18427380534954,55.83800676340173,16.222855876585783,15.151512861735299,14.080169846884816,14.460000038146973,85.59030604486388,66.70012736234467,84.7826684129973,85.59030604486388,0.49999904632568004,0.5600004196166974,0.6799993515014631,0.3800001144409144,108.01028341617389,99.7518671784801,-0.09125789091651448,-0.20070099459616567,0.10944310367965118,1
139,2019-12-31,15.81999969482422,16.360000610351562,15.81999969482422,16.319999694824222,16.319999694824222,2098687,15.241000032424926,15.912800006866455,63.7832958755148,57.36843358637776,16.564568170661147,15.43133235040272,14.298096530144292,14.498400020599366,91.79625388491921,82.54705216721656,96.6666949236958,91.79625388491921,0.540000915527342,0.0,0.26000022888183594,0.28000068664550604,114.5118371336028,98.77751315324387,-0.004320742562786251,-0.16142494418948977,0.15710420162670352,1
140,2020-01-02,16.299999237060547,16.379999160766598,15.199999809265135,15.300000190734865,15.300000190734865,2988206,15.287000036239624,15.876800003051757,47.80200976598511,49.174753621073506,16.52491560046876,15.60217216364807,14.67942872682738,14.53603200340271,73.81646504195017,83.7343416572444,40.00003178915753,73.81646504195017,0.07999992370605113,1.099999427795412,0.05999946594237571,1.1199998855590874,109.84843084490204,97.38717024898615,-0.017525834719412714,-0.13264512229547437,0.11511928757606166,1
141,2020-01-03,15.300000190734865,15.779999732971193,15.300000190734865,15.5600004196167,15.5600004196167,3145500,15.315000057220459,15.858000011444092,51.16115374389623,51.02384645599264,16.420952134404228,15.68451771833567,14.94808330226711,14.572911346549988,58.490918074271754,74.70121233371368,38.80602750996209,58.490918074271754,0.4799995422363281,0.0,0.4799995422363281,0.0,122.9109911064107,105.7213935364368,-0.0069312210313867695,-0.10750234204265685,0.10057112101127008,1
142,2020-01-06,15.279999732971193,15.699999809265135,15.220000267028807,15.600000381469727,15.600000381469727,1837100,15.345000076293946,15.84480001449585,51.67638803029385,51.30648440197676,16.464386565432033,15.71332362903837,14.96226069264471,14.60905310283432,37.56814383515958,56.62517565046048,33.89837220635928,37.56814383515958,0.42000007629394176,0.059999465942386365,0.13999938964843572,0.3400001525878924,124.5282558108894,101.6948962723343,0.004639270650145022,-0.08507401950409647,0.0897132901542415,1
143,2020-01-07,15.5,15.979999542236328,15.5,15.920000076293945,15.920000076293945,1945000,15.391000080108643,15.838400020599366,55.70256286977345,53.5312831381822,16.451315651835824,15.750231207425848,15.049146763015871,14.644472023992966,44.57380167728213,46.87762119557113,61.01700531552518,44.57380167728213,0.4799995422363281,0.0,0.37999916076660156,0.10000038146972656,127.07178150427849,100.48776947693527,0.03917864268689364,-0.060223487065898446,0.09940212975279208,1
144,2020-01-08,15.5,16.299999237060547,15.5,15.9399995803833,15.9399995803833,2389456,15.429000043869019,15.827200012207031,55.94958597853016,53.668485007816514,16.28208473436803,15.801152695534121,15.320220656700211,14.67918256672844,52.54241899892716,44.89478817045627,62.71187947489718,52.54241899892716,0.7999992370605469,0.0,0.37999916076660156,0.4200000762939453,156.15134116820215,115.95737786788641,0.06738832603122447,-0.03470112444647386,0.10208945047769832,1
145,2020-01-09,16.379999160766598,16.379999160766598,15.760000228881836,16.100000381469727,16.100000381469727,3198250,15.467000055313111,15.818400001525879,57.968959854658785,54.77628854568641,16.292326266886768,15.874025193100827,15.455724119314887,14.713198898609203,66.53034532310708,54.54885533310543,75.86215117889905,66.53034532310708,0.0,0.6199989318847621,0.43999958038329723,0.17999935150146484,145.8966060498892,124.09963649428309,0.10148556832747957,-0.007463785891683172,0.10894935421916274,1
146,2020-01-10,15.960000038146973,16.540000915527347,15.960000038146973,16.399999618530273,16.399999618530273,3094500,15.516000032424927,15.800400009155274,61.52996046576808,56.78542199068053,16.50940192054413,15.988111594756063,15.466821268967998,14.746534903852352,75.98929233368146,65.02068555190522,89.39384634724831,75.98929233368146,0.5800008773803746,0.0,0.44000053405762074,0.1400003433227539,161.4147374566913,132.28561339089154,0.1509749643270677,0.024223964152067005,0.12675100017500068,1
147,2020-01-13,16.479999542236328,16.5,15.600000381469727,15.859999656677244,15.859999656677244,3116000,15.521000003814697,15.776799983978272,52.85021600304447,52.43684668701133,16.444411717164762,16.05462206535634,15.664832413547922,14.818273544319352,66.62377288578345,69.7144701808573,34.615321131203174,66.62377288578345,0.020000457763671875,0.8799991607666016,0.10000038146972656,0.7999992370605469,131.89653235203497,112.92868945159573,0.14495127518374673,0.04836942635840295,0.09658184882534378,1
148,2020-01-14,16.0,16.540000915527347,15.800000190734865,16.219999313354492,16.219999313354492,2590000,15.550999975204467,15.768799953460693,57.18628566867435,54.82839042554186,16.497508154225972,16.11018924997009,15.72287034571421,14.887142639167672,64.41326991361933,69.00877837769472,69.23064226240669,64.41326991361933,0.5400009155273473,0.19999980926513494,0.680001258850103,0.05999946594237926,142.3529535511402,120.91148253273913,0.16729791555928664,0.0721551241985797,0.09514279136070694,1
149,2020-01-15,16.360000610351562,17.139999389648438,16.239999771118164,17.139999389648438,17.139999389648438,3208044,15.633999967575074,15.776399936676025,65.83367911393773,60.1399879317672,17.136883375948187,16.266977954853004,15.39707253375782,14.953256970222059,67.94865446453656,66.32856575464642,100.0,67.94865446453656,0.779998779296875,0.12000083923339844,0.9200000762939453,-0.020000457763671875,150.74183564792747,130.8742822688487,0.25628975765976314,0.10898205089081639,0.14730770676894675,1
150,2020-01-16,17.219999313354492,17.280000686645508,16.979999542236328,17.200000762939453,17.200000762939453,1560504,15.732000017166138,15.784399967193604,66.31158339604032,60.454490619186494,17.54478163637833,16.49516404953335,15.445546462688371,15.084461515387641,88.15624763560591,73.50605733792055,95.23810064441123,88.15624763560591,0.060001373291015625,0.23999977111816406,0.1400012969970703,0.15999984741210938,144.94050816378024,122.43241863933356,0.3278784642100181,0.15276133355465674,0.17511713065536136,1
151,2020-01-17,17.280000686645508,17.799999237060547,17.200000762939453,17.34000015258789,17.34000015258789,3231980,15.851000022888183,15.79399995803833,67.45543786797285,61.19534019134911,17.943748415604315,16.75188206991473,15.56001572422514,15.260104649088271,91.44301349119974,82.51597186378069,79.09093982918817,91.44301349119974,0.5199985504150391,0.07999992370605469,0.5999984741210938,0.0,145.2941279592834,127.24793339142866,0.39139801792693163,0.20048867042911173,0.1909093474978199,1
152,2020-01-20,17.34000015258789,17.719999313354492,16.819999694824222,16.940000534057614,16.940000534057614,1538994,15.948000049591064,15.79519998550415,61.0747168605555,57.97710985382116,17.73380808275247,16.942818194127184,16.151828305501898,15.514094107885498,77.10969493982527,85.56965202221026,57.000044345876645,77.10969493982527,0.37999916076660156,0.5200004577636683,0.37999916076660156,0.5200004577636683,137.19007547952998,121.90717921422399,0.4047948722904522,0.24134991080137982,0.16344496148907237,1
153,2020-01-21,16.940000534057614,16.940000534057614,15.619999885559082,15.979999542236328,15.979999542236328,4035500,16.012000036239623,15.778799991607666,49.07635674053812,51.26681668780366,17.917631508423828,16.943074719386033,15.968517930348238,17.799999237060547,50.86824493555176,73.14031778885888,16.51375063159069,50.86824493555176,0.0,1.3200006484985316,0.0,1.3200006484985316,109.32399043613479,103.16737458643559,0.33409666058051,0.2598992607572059,0.07419739982330414,1
154,2020-01-22,15.979999542236328,16.459999084472653,15.68000030517578,16.420000076293945,16.420000076293945,1658000,16.099000024795533,15.77519998550415,53.5778054216489,53.807952820895224,17.869519050723312,16.855567703290134,15.841616355856956,17.75639925003052,36.73702078325516,54.904986886210686,36.69726737229838,36.73702078325516,0.4799995422363246,0.29999923706054865,0.4799995422363246,0.29999923706054865,113.48836162271918,106.29209695417848,0.3099987121219847,0.2699191510301616,0.04007956109182309,1
155,2020-01-23,16.260000228881836,16.399999618530273,15.84000015258789,16.260000228881836,16.260000228881836,1303000,16.17000002861023,15.770799999237061,51.78518070349042,52.770297012951914,17.701628980726927,16.723925145681278,15.74622131063563,17.71367126274109,27.5229468836786,38.37607086749513,29.35782264714696,27.5229468836786,0.1399993896484375,0.4200000762939453,-0.020000457763671875,0.5799999237060547,117.02125093225615,102.20259907762474,0.27482228362591243,0.27089977754931177,0.0039225060766006625,1
156,2020-01-24,15.899999618530273,16.260000228881836,15.699999809265135,15.859999656677244,15.859999656677244,586500,16.207999992370606,15.75599998474121,47.50583706728434,50.25757914189127,17.299404819058854,16.539783187298553,15.780161555538253,17.671797835197452,25.827884554305957,30.029284073746528,11.428563643472762,25.827884554305957,0.3600006103515625,0.1999998092651385,0.0,0.560000419616701,113.20753677241682,97.37985292386007,0.2122216483192112,0.25916415170329166,-0.04694250338408046,0
157,2020-01-29,15.5,15.5,14.68000030517578,14.81999969482422,14.81999969482422,3969500,16.16399998664856,15.725999984741211,38.57929347423815,44.53930929748836,17.339909671541776,16.219452334103295,15.098994996664814,17.630761876204684,15.660349640678234,23.003727026220886,6.194662631415204,15.660349640678234,0.0,0.8199996948242205,-0.3599996566772443,1.1799993515014648,107.30593050543429,85.30607835991381,0.07779412628358529,0.2228901466193504,-0.1450960203357651,0
158,2020-01-30,15.020000457763672,15.020000457763672,14.420000076293945,14.479999542236328,14.479999542236328,1994100,16.08299994468689,15.687999992370605,36.18542386417295,42.88502992747186,17.35300724151084,15.795244307322491,14.237481373134143,17.51273141336353,6.854792665376826,16.11434228678696,2.9411517212427367,6.854792665376826,0.0,0.6000003814697266,0.20000076293945135,0.3999996185302752,98.9200820777992,85.3118414406048,-0.05553564390841714,0.1672049885137969,-0.22274063242221404,0
159,2020-01-31,14.880000114440918,14.880000114440918,14.239999771118164,14.539999961853027,14.539999961853027,1522000,15.99399995803833,15.654799976348876,36.92918676444894,43.270635002569826,16.824635626419052,15.366614787373848,13.908593948328644,17.327167533139352,7.67490435100382,10.063348885686251,13.888898700353742,7.67490435100382,0.0,0.6400003433227539,0.40000057220458984,0.23999977111816406,95.72648902102665,90.04147296392506,-0.15457704697935526,0.10284858141516647,-0.2574256283945217,0
160,2020-02-03,14.420000076293945,14.859999656677244,14.0,14.140000343322756,14.140000343322756,4277065,15.935999965667724,15.611599998474121,34.07767872972377,41.341007838461394,16.127634912602257,14.953078292153933,13.778521671705608,17.080194112177658,7.674918416995234,7.401538477791917,6.194704829389448,7.674918416995234,0.439999580383299,0.4200000762939453,0.319999694824217,0.5399999618530273,94.75888931518776,85.42911206159175,-0.2623208275361577,0.02981469962490163,-0.29213552716105934,0
161,2020-02-04,14.140000343322756,15.0,13.960000038146973,14.979999542236328,14.979999542236328,3479000,15.906999921798706,15.58719997406006,43.87803189911368,46.53349567802239,15.276312585236225,14.695224432365627,14.11413627949503,16.77217470095989,28.772446400726455,14.707423056241794,66.2337356724364,28.772446400726455,0.8599996566772443,0.18000030517578303,0.8599996566772443,0.18000030517578303,101.04819214720087,89.90095666758596,-0.27673757617831285,-0.03149575553574127,-0.24524182064257158,0
162,2020-02-05,15.260000228881836,15.899999618530273,15.119999885559082,15.399999618530273,15.399999618530273,5367893,15.896999883651734,15.567999954223632,48.037647695775725,48.8798715916023,15.509627745842938,14.635246110827175,13.760864475811413,16.43471374142234,48.88507968362131,28.444148167114292,74.22679854903829,48.88507968362131,0.6399993896484375,0.1400003433227539,0.9200000762939453,-0.1400003433227539,104.45856957950745,98.55667765784631,-0.2513747654536651,-0.07547155751932605,-0.17590320793433906,0
163,2020-02-06,15.600000381469727,15.600000381469727,15.220000267028807,15.300000190734865,15.300000190734865,1162010,15.865999889373779,15.547199954986572,47.1417491172179,48.35590006732712,15.64510519596138,14.69866800976645,13.752230823571521,16.137748097029295,69.84424065846962,49.16725558093909,69.07218775393437,69.84424065846962,0.0,0.38000011444091975,0.20000076293945312,0.17999935150146662,92.85711505322463,92.46435908507056,-0.23661611008950167,-0.10770046803336117,-0.1289156420561405,0
164,2020-02-07,15.260000228881836,15.300000190734865,14.899999618530273,15.140000343322756,15.140000343322756,1987404,15.825999927520751,15.53239995956421,45.67399649176825,47.5108417611127,15.697637038219934,14.79906958552563,13.900502132831324,15.899999618530273,68.04125248598534,62.25685760935872,60.82477115498351,68.04125248598534,0.03999996185302912,0.3600006103515625,0.0,0.4000005722045916,89.99997913837299,85.36585531323637,-0.23512010171923414,-0.13318439477053576,-0.10193570694869838,0
165,2020-02-10,15.0,15.399999618530273,15.0,15.199999809265135,15.199999809265135,7563000,15.780999898910522,15.519199962615966,46.34858793786494,47.86515499479378,15.18965385755245,14.904108695108206,14.618563532663963,15.667199668884278,64.60482890308911,67.49677401584798,63.917527800349625,64.60482890308911,0.39999961853027344,0.0,0.25999927520751775,0.14000034332275568,88.54163220772928,86.59793327916047,-0.22648230184719154,-0.15184397618586692,-0.07463832566132461,0
166,2020-02-11,15.380000114440918,15.5,15.220000267028807,15.399999618530273,15.399999618530273,4994500,15.730999898910522,15.509999961853028,48.63809039996331,49.0539440490947,15.229587461559847,15.020055095324281,14.810522729088715,13.960000038146973,58.247432985111,63.63117145806177,50.0,58.247432985111,0.11999988555908203,0.15999984741211115,0.30000019073486506,-0.020000457763671875,98.61427595414783,100.93458995557829,-0.20117939919299133,-0.1617110607872918,-0.03946833840569952,0
167,2020-02-12,15.4399995803833,16.260000228881836,15.4399995803833,15.979999542236328,15.979999542236328,3565996,15.736999893188477,15.511599960327148,54.67826537887676,52.32339379472318,15.80327232386809,15.200665100160293,14.598057876452497,13.990800037384034,64.44308375245375,62.431781880217905,79.41172345701175,64.44308375245375,0.8200006484985352,0.0,0.8600006103515625,-0.039999961853027344,102.54038579540621,105.86856864302283,-0.13279474480425435,-0.15592779759068431,0.023133052786429964,1
168,2020-02-13,16.239999771118164,16.559999465942386,16.0,16.299999237060547,16.299999237060547,4397500,15.740999889373779,15.540399951934814,57.638244312086414,54.01198550356292,16.36411561896819,15.44938348991596,14.534651360863728,14.081568045043946,71.24968587560687,64.6467342043905,84.33733416980901,71.24968587560687,0.3199996948242223,0.23999977111816406,0.5799999237060582,-0.020000457763671875,99.32122986873392,115.93141583172411,-0.05217665252163961,-0.13517756857687538,0.08300091605523577,1
169,2020-02-14,16.579999923706055,16.860000610351562,16.139999389648438,16.299999237060547,16.299999237060547,2680000,15.698999881744385,15.576799945831299,57.638244312086414,54.01198550356293,16.628486258948417,15.713753936394944,14.79902161384147,14.230273930297853,77.88048893064514,71.19108618623521,69.89240916511481,77.88048893064514,0.2800006866455078,0.4400005340576172,0.5600013732910156,0.15999984741210938,92.4568683351993,117.27501716788538,0.01158027621854707,-0.10582599961779089,0.11740627583633796,1
170,2020-02-17,16.260000228881836,16.739999771118164,16.260000228881836,16.520000457763672,16.520000457763672,2480500,15.664999866485596,15.619599952697754,59.73503149634869,55.1855354867264,16.755601165326077,15.975447119977567,15.195293074629054,14.44065206470215,77.83267701791755,75.6542839413898,79.26828771882897,77.83267701791755,0.4799995422363281,0.0,0.4400005340576172,0.03999900817871094,89.00859601680693,123.7246088625347,0.07895027188340364,-0.068870745317552,0.14782101720095564,1
171,2020-02-18,16.379999160766598,16.379999160766598,15.760000228881836,16.020000457763672,16.020000457763672,4418946,15.598999881744385,15.639999961853027,53.2803201533521,52.054728470911535,16.545934504177538,16.145614556450553,15.745294608723569,14.634199948354102,63.335266489220125,73.01614414592756,40.84510258371676,63.335266489220125,0.0,0.6199989318847621,-0.14000129699707387,0.7600002288818359,89.00859601680693,108.31361990239898,0.09094727393554614,-0.036907141466932365,0.1278544154024785,1
172,2020-02-19,16.15999984741211,16.379999160766598,15.899999618530273,16.260000228881836,16.260000228881836,2572000,15.564999866485596,15.665199966430665,55.75186343718396,53.37152106789337,16.571412462212077,16.253418862904404,15.93542526359673,14.812264001313899,55.18930666462821,65.45241672392191,45.454529691339076,55.18930666462821,0.21999931335448863,0.26000022888183594,0.35999870300292613,0.12000083923339844,82.80918238329787,107.61910006034255,0.1184554792344219,-0.005834617326661511,0.12429009656108342,1
173,2020-02-20,16.079999923706055,16.520000457763672,16.059999465942386,16.420000076293945,16.420000076293945,1460500,15.586999893188477,15.693599967956542,57.37094056389428,54.2403951984476,16.67336759900009,16.33546827504982,15.997568951099549,14.976082930036911,48.76653253200055,55.763701895282914,59.999965320945975,48.76653253200055,0.4400005340576172,0.020000457763668322,0.26000022888183594,0.20000076293944957,95.85247365255636,117.94875368799995,0.1514210925329742,0.025616524645265634,0.12580456788770855,1
174,2020-02-21,16.239999771118164,16.579999923706055,15.920000076293945,16.059999465942386,16.059999465942386,1531500,15.568999862670898,15.711199951171874,52.69854573946121,51.98032192777258,16.747429309057377,16.356819261218163,15.966209213378947,15.126796344462084,45.355558786135624,49.77046599425475,30.612181346122018,45.355558786135624,0.3400001525878906,0.31999969482421875,0.15999984741210938,0.5,92.27266062391307,105.33981307286278,0.14680525833675517,0.04985427138356355,0.09695098695319163,1
175,2020-02-24,15.880000114440918,16.34000015258789,15.800000190734865,16.040000915527347,16.040000915527347,2185000,15.557999897003175,15.725199966430663,52.44303137802709,51.8558455501888,16.641056766835803,16.329159547403748,16.017262327971693,15.265452685733242,41.58619485862301,45.23609539225301,34.146437908801225,41.58619485862301,0.46000003814697266,0.07999992370605291,0.28000068664550426,0.2599992752075213,89.04105338757373,94.36621279074458,0.13992054366744355,0.06786752584033955,0.07205301782710401,1
176,2020-02-25,16.020000457763672,16.280000686645508,15.600000381469727,16.219999313354492,16.219999313354492,3400272,15.575999879837036,15.741199951171875,54.577747627915265,52.90842664764798,16.576355566660435,16.296927736781676,16.017499906902916,15.393016519702709,42.67461531252504,43.20545631909451,63.26522668265207,42.67461531252504,0.26000022888183594,0.4200000762939453,0.2399997711181605,0.44000053405762074,89.48540105145241,92.49999024651156,0.1472908468880405,0.08375219004987974,0.06353865683816076,1
177,2020-02-26,15.899999618530273,16.180000305175778,15.84000015258789,15.9399995803833,15.9399995803833,3551961,15.63199987411499,15.744799938201904,50.760702643515465,51.10596175938468,16.57580022844611,16.239800230987008,15.903800233527909,15.510375246954617,44.03515886821369,42.765323013120536,34.69381201318796,44.03515886821369,0.28000068664550426,0.05999946594238281,-0.03999900817871449,0.37999916076660156,86.99548683304143,81.69937105271713,0.12905061177384702,0.0928118743946732,0.036238737379173824,1
178,2020-02-27,15.699999809265135,16.219999313354492,15.699999809265135,16.059999465942386,16.059999465942386,4152477,15.710999870300293,15.753599929809571,52.30039636125341,51.83523271040211,16.362584921943633,16.182985691582772,16.00338646122191,15.600000381469727,48.29924757007569,45.00300725027143,46.93870401438723,48.29924757007569,0.5199995040893572,0.0,0.2799997329711914,0.23999977111816584,94.04759674656293,83.14610594317092,0.12286180747799591,0.09882186101133775,0.024039946466658163,1
179,2020-02-28,15.880000114440918,16.0,15.699999809265135,15.859999656677244,15.859999656677244,11154005,15.776999855041504,15.761199932098389,49.521031236207605,50.53252488439172,16.35618542714725,16.113006637304842,15.869827847462437,16.860000610351562,38.9225213616809,43.75230926665672,35.13504805746768,38.9225213616809,0.11999988555908203,0.18000030517578303,-0.059999465942386365,0.3599996566772514,110.46829610982319,92.44338907646036,0.10065849388627335,0.09918918758632486,0.0014693062999484863,1
180,2020-03-02,15.779999732971193,16.239999771118164,15.5600004196167,15.5600004196167,15.5600004196167,3391927,15.847999858856202,15.76759994506836,45.60597818912526,48.6313455224049,16.445227019193165,16.004428483994232,15.563629948795299,16.836800594329834,27.357917357284908,38.193228763013785,0.0,27.357917357284908,0.4600000381469709,0.21999931335449396,0.38000011444091975,0.2999992370605451,111.42059479522288,91.18394991886514,0.05818406696044853,0.0909881634611496,-0.03280409650070107,0
181,2020-03-03,15.600000381469727,15.859999656677244,15.0600004196167,15.239999771118164,15.239999771118164,3054800,15.860999870300294,15.773199939727784,41.8090397525851,46.688290750771415,16.434270582819885,15.841730647909749,15.249190712999612,16.785728587341307,16.796412923807477,27.692283880924382,15.25419071395493,16.796412923807477,0.25999927520751775,0.5399999618530273,0.2999992370605451,0.5,111.23285917431387,96.18327492379046,-0.0012838015022378357,0.07253377046847212,-0.07381757197070996,0
182,2020-03-04,15.239999771118164,15.619999885559082,15.220000267028807,15.4399995803833,15.4399995803833,1985500,15.862999868392944,15.781999931335449,44.89685679215977,48.03402959707069,16.271289130614196,15.684174377644482,15.097059624674767,16.682184897277832,15.819175707046114,19.991168662712788,32.20333640718359,15.819175707046114,0.38000011444091797,0.019999504089357245,0.38000011444091797,0.019999504089357245,114.325822567551,108.47003975729702,-0.03190640538202594,0.051645735298372505,-0.08355214068039844,0
183,2020-03-05,15.479999542236328,15.800000190734865,15.31999969482422,15.699999809265135,15.699999809265135,4317500,15.882999849319457,15.80199993133545,48.70734030655519,49.744289125341126,16.013625522471635,15.588043579440104,15.162461636408574,16.584853828618165,33.898264446489975,22.171284359114477,54.23726621833158,33.898264446489975,0.32000064849853693,0.1599998474121076,0.3600006103515643,0.11999988555908025,130.95973737640054,138.33878065508557,-0.03479410919035075,0.03435776640062785,-0.0691518755909786,0
184,2020-03-06,15.4399995803833,15.579999923706055,15.140000343322756,15.5,15.5,2719500,15.900999832153321,15.818399925231933,46.068297632551364,48.4717195892319,15.82858552995051,15.52648603195432,15.22438653395813,16.493362624078078,41.242907716872686,30.32011595680288,37.28812052510306,41.242907716872686,0.1400003433227539,0.2999992370605451,-0.11999988555908025,0.5599994659423793,139.61040539371038,129.9066497877103,-0.05261444186827724,0.01696332474684683,-0.06957776661512408,0
185,2020-03-09,15.0,15.039999961853027,14.520000457763672,14.520000457763672,14.520000457763672,1281000,15.866999864578247,15.81199993133545,35.82537820989143,42.89549183292962,16.187849341681463,15.373184243366588,14.558519145051713,16.407360891810395,30.50846224781149,35.21654480372467,0.0,30.50846224781149,0.039999961853027344,0.4799995422363281,-0.46000003814697266,0.9799995422363281,144.0000356038524,104.46935187405057,-0.14415324785566597,-0.015259989773655731,-0.12889325808201024,0
186,2020-03-10,14.399999618530273,15.039999961853027,14.31999969482422,14.720000267028807,14.720000267028807,2374500,15.832999897003173,15.804399929046632,38.81525399464725,44.25278367515937,16.1142087047337,15.18146276528985,14.248716825846005,16.256372057086658,21.438392386172485,31.063254116952177,27.027056633414563,21.438392386172485,0.6400003433227539,0.07999992370605291,0.5199995040893555,0.20000076293945135,156.18380512146888,112.61004141213743,-0.1982745128006389,-0.051862894379052366,-0.14641161842158654,0
187,2020-03-11,14.859999656677244,14.859999656677244,14.34000015258789,14.479999542236328,14.479999542236328,1925500,15.757999897003174,15.779999923706054,36.61096439196192,42.981445467232696,15.996670648538311,14.969862147405742,13.943053646273173,16.062734820860413,12.612617837269104,21.519824157084315,10.810796878392914,12.612617837269104,0.0,0.5199995040893537,0.1399993896484375,0.3800001144409162,133.00007168455377,99.1453606846893,-0.2575630316121895,-0.09300292182567979,-0.16456010978650973,0
188,2020-03-12,14.15999984741211,14.239999771118164,13.84000015258789,13.979999542236328,13.979999542236328,1951700,15.641999912261962,15.737599906921387,32.473473089900686,40.46955525112653,15.703278740171056,14.714703731951971,13.726128723732886,15.888461308256794,15.294598834666411,16.44853635270262,8.045942992191927,15.294598834666411,0.07999992370605469,0.31999969482421875,-0.23999977111816406,0.6399993896484375,120.06480976809972,74.3590235788746,-0.340964998981784,-0.14259533725690063,-0.19836966172488338,0
189,2020-03-13,12.800000190734865,13.760000228881836,12.300000190734865,13.5600004196167,13.5600004196167,5442800,15.50499997138977,15.682399921417236,29.461545590441418,38.50910550348771,15.254475752372429,14.407986553464546,13.561497354556664,15.642645969576526,21.614051175037883,16.50708928232442,45.985413654528976,21.614051175037883,0.9600000381469709,0.5,-0.2199993133544922,1.679999351501463,133.01596648514058,57.84949639310988,-0.4359269832098782,-0.20126166644749616,-0.23466531676238206,0
190,2020-03-16,13.520000457763672,13.739999771118164,12.899999618530273,13.0,13.0,3358500,15.328999948501586,15.636399917602539,25.998988951009032,36.0915990435674,15.279545425344844,14.037199396152374,12.794853366959904,15.174675560538693,26.526265691712094,21.144971900472083,25.547440428415552,26.526265691712094,0.2199993133544922,0.6200008392333984,0.17999935150146484,0.6600008010864258,130.48787880770305,58.15902085943828,-0.5500319674809724,-0.2710157266541914,-0.279016240826781,0
191,2020-03-17,12.899999618530273,13.359999656677244,12.600000381469727,12.800000190734865,12.800000190734865,4302702,15.167999935150146,15.581199913024902,24.874583135473742,35.27150492244985,14.880479933069035,13.643089619314118,12.405699305559201,14.772221008766158,30.3547027191605,26.16500652863678,19.53125407453714,30.3547027191605,0.4600000381469709,0.2999992370605469,0.3599996566772443,0.39999961853027344,125.6560650734365,57.63750688063669,-0.6491166896007758,-0.3466359192435083,-0.30248077035726756,0
192,2020-03-18,12.520000457763672,13.579999923706055,12.380000114440918,12.479999542236328,12.479999542236328,3935000,14.978999900817872,15.518799896240234,23.149484585640412,33.98998861236012,14.325861275840886,13.248857999102277,12.171854722363669,14.426110094241777,18.119004532510626,24.999990981127695,9.27831909457936,18.119004532510626,1.0599994659423828,0.1400003433227539,0.7799997329711896,0.4200000762939471,139.76616283635175,59.84407884230944,-0.7448769459611793,-0.42628412458704246,-0.3185928213741368,0
193,2020-03-19,12.479999542236328,12.859999656677244,11.220000267028807,11.399999618530273,11.399999618530273,7204500,14.727999877929687,15.42839988708496,18.48901718357421,30.155293489794982,14.20898276037541,12.776647065275498,11.344311370175586,14.128454707750809,11.965387305778746,20.146364852483245,7.086588748219904,11.965387305778746,0.3800001144409162,1.2599992752075213,0.3800001144409162,1.2599992752075213,112.59265215911395,48.9619548152897,-0.8975680017419094,-0.5205409000180159,-0.37702710172389353,0
194,2020-03-20,11.81999969482422,12.460000038146973,11.539999961853027,12.359999656677244,12.359999656677244,5383317,14.542999887466431,15.35679988861084,31.659418974416102,36.734706397842835,13.513269243224848,12.407762703897241,11.302256164569634,13.66310199723529,20.534329254331052,16.87290703087343,45.23807992019406,20.534329254331052,0.6400003433227521,0.2799997329711932,1.0600004196166992,-0.1400003433227539,115.97058557509396,53.6713515379044,-0.9303878514986543,-0.6025102903141436,-0.3278775611845107,0
195,2020-03-23,11.699999809265135,12.300000190734865,11.520000457763672,11.979999542236328,11.979999542236328,2961599,14.33999981880188,15.274399871826171,29.61930285449972,35.36710389095337,13.092678557861717,12.13254494797804,11.172411338094363,13.272205720402251,28.176010824061606,20.225242461390422,32.203363803771026,28.176010824061606,0.6000003814697301,0.17999935150146307,-0.05999946594237926,0.8399991989135724,123.85795906531621,45.54456871241939,-0.9758120978845692,-0.6771706518282288,-0.29864144605634046,0
196,2020-03-24,11.800000190734865,12.979999542236328,11.800000190734865,12.020000457763672,12.020000457763672,3760320,14.129999876022339,15.18679988861084,30.129708407018224,35.628714869897955,12.701922883250036,11.948647411054111,11.195371938858186,11.220000267028807,37.11325394069316,28.60786467302856,33.898318098114565,37.11325394069316,1.179999351501463,0.0,1.0,0.17999935150146307,132.74121169733212,49.592179618789785,-0.9970895728983091,-0.7411544360422448,-0.2559351368560643,0
197,2020-03-25,12.279999732971193,13.9399995803833,12.199999809265135,13.199999809265135,13.199999809265135,3417500,13.99299988746643,15.133599891662598,43.21276131880304,42.72125712064451,13.161751530231157,11.97986147071073,10.797971411190304,11.255200252532957,46.29860036525931,37.19595504333798,72.7941191938925,46.29860036525931,1.6599998474121076,0.07999992370605824,1.919999122619629,-0.17999935150146307,165.12271808265072,71.90814798739248,-0.9082661127705158,-0.774576771387899,-0.1336893413826168,0
198,2020-03-26,12.979999542236328,13.699999809265135,12.81999969482422,13.619999885559082,13.619999885559082,4659000,13.870999908447265,15.081599903106689,47.01567307356459,44.95973167659988,13.53085356511071,12.212575965887524,10.894298366664337,11.36259222564697,64.48976820420354,49.300540836718625,86.77686732060376,64.48976820420354,0.7200002670288068,0.1599998474121076,0.5,0.3800001144409144,174.309524170194,71.50262651734539,-0.7948201921937184,-0.7786254555490629,-0.016194736644655428,0
199,2020-03-27,13.81999969482422,14.0,13.4399995803833,13.800000190734865,13.800000190734865,2812000,13.767999935150147,15.014799919128418,48.60422519753317,45.899409184531,14.12167225614777,12.563129319632608,11.004586383117447,11.465688519836425,83.83549219594046,64.87462025513439,91.93549007332534,83.83549219594046,0.18000030517577947,0.38000011444091975,0.38000011444091797,0.18000030517578125,162.6317012608083,72.66439814172008,-0.6825212820161788,-0.7594046208424861,0.07688333882630727,1
200,2020-03-30,13.300000190734865,13.5,12.859999656677244,13.359999656677244,13.359999656677244,3387000,13.657999897003174,14.937999897003174,45.04872128127231,43.9953548237878,14.133223682325614,12.882816087157948,11.632408491990283,11.61774720864624,83.20714339177484,77.17746793063957,70.90907278139562,83.20714339177484,0.19999980926513494,0.44000053405762074,-0.30000019073486506,0.9400005340576207,158.29025119450216,66.16669740942997,-0.6218595427760789,-0.7318956052292046,0.1100360624531257,1
201,2020-03-31,13.4399995803833,13.739999771118164,12.399999618530273,12.5600004196167,12.5600004196167,10596500,13.5239999294281,14.84239990234375,39.40461392031147,40.80379191979287,13.88546896184089,13.03070373371397,12.17593850558705,11.760682376127464,60.948198214620454,75.99694460077853,20.000031789140593,60.948198214620454,0.3000001907348633,1.0399999618530273,0.38000011444091975,0.9600000381469709,138.9401684422631,63.3071062801275,-0.6310634236181425,-0.7117291689069922,0.08066574528884973,1
202,2020-04-01,12.760000228881836,12.760000228881836,11.4399995803833,11.880000114440918,11.880000114440918,8114725,13.345999956130981,14.741199893951416,35.35036073674757,38.35139080931378,14.39517597779334,12.955087295255254,11.514998612717168,14.0,36.03220753830265,60.062516381565935,17.187518044371927,36.03220753830265,0.0,1.3200006484985352,0.19999980926513672,1.1200008392333984,123.1733296805665,59.790748971681474,-0.6853278739942574,-0.7064489099244453,0.02112103593018788,1
203,2020-04-02,11.619999885559082,11.979999542236328,11.380000114440918,11.579999923706055,11.579999923706055,3080000,13.139999961853027,14.65319990158081,33.70285263942309,37.32503511699993,14.399343398581104,12.709013283789126,11.018683168997148,13.948799991607666,14.940376891082694,37.30692754800189,7.633580839735752,14.940376891082694,0.3599996566772461,0.23999977111816406,0.09999942779541016,0.5,121.721347597023,60.2962974893706,-0.7439643916524652,-0.7139520062700493,-0.030012385382415907,0
204,2020-04-03,11.640000343322756,11.699999809265135,10.619999885559082,10.920000076293944,10.920000076293944,5575000,12.910999965667724,14.543199901580811,30.351494950094025,35.177229467753456,13.993360939758274,12.319467422219986,10.645573904681699,13.846047996520996,11.478829988493132,20.817138139292783,9.615391081371902,11.478829988493132,0.05999946594237926,1.0200004577636737,0.11999988555908025,0.9600000381469727,105.93694282358075,56.118143771191086,-0.8340760170568409,-0.7379768084274076,-0.09609920862943322,0
205,2020-04-06,10.920000076293944,11.039999961853027,10.619999885559082,10.800000190734863,10.800000190734863,3076000,12.724999952316285,14.433999900817872,29.771824382965434,34.79965642872461,13.168772805040616,11.875936995126494,10.583101185212373,13.652485109863282,7.672737561075922,11.363981480217205,5.769240762120299,7.672737561075922,0.11999988555908381,0.3000001907348615,0.11999988555908381,0.3000001907348615,104.770665319273,57.62711247984056,-0.904743794018751,-0.7713302055456763,-0.13341358847307472,0
206,2020-04-07,10.880000114440918,12.0,10.880000114440918,11.720000267028807,11.720000267028807,17500799,12.574999952316285,14.351199913024903,39.337453053154114,39.92621189751711,12.444867257569925,11.571437249356364,10.698007241142804,13.47053599640503,22.262170193864616,13.804579247811182,51.40187873810183,22.262170193864616,1.119999885559082,0.0,1.1999998092651367,-0.07999992370605469,113.10863165651197,65.16689717258384,-0.876409495876926,-0.7923460636119263,-0.08406343226499968,0
207,2020-04-08,11.68000030517578,11.920000076293945,11.300000190734865,11.699999809265135,11.699999809265135,8781500,12.435999965667724,14.28879991531372,39.21240918120097,39.85556207837698,12.216944854756084,11.417185012415956,10.617425170075828,13.299503829754272,45.143992348953425,25.026300034631277,78.26085754663833,45.143992348953425,0.23999977111816584,0.3800001144409144,0.1999998092651385,0.42000007629394176,114.63880438222505,64.81751057569227,-0.8458181649506411,-0.8030404838796692,-0.04277768107097191,0
208,2020-04-09,11.960000038146973,12.380000114440918,11.800000190734865,12.100000381469727,12.100000381469727,4117000,12.342000007629395,14.24119993209839,43.1074913169543,41.98473139248989,12.42396678124825,11.419464827517487,10.414962873786724,13.138733593102561,71.25122087221993,46.21912780501261,84.0909263319198,71.25122087221993,0.4200000762939453,0.1599998474121076,0.680000305175783,-0.10000038146973012,113.50845934331721,67.5994042273901,-0.7803027669840894,-0.7984929405005532,0.018190173516463792,1
209,2020-04-14,12.239999771118164,12.640000343322756,11.699999809265135,12.020000457763672,12.020000457763672,5670000,12.265000009536744,14.190799942016602,42.52065727196125,41.67870969436706,12.433178124619365,11.508978866318976,10.584779608018588,12.987609570649953,77.21957573084903,64.53826298400742,69.30694331398911,77.21957573084903,0.4000005722045916,0.5399999618530291,0.5399999618530291,0.4000005722045916,110.32610052437401,67.53245296668764,-0.7264624603032672,-0.784086844461096,0.05762438415782878,1
210,2020-04-15,12.0600004196167,13.279999732971193,12.0600004196167,13.0600004196167,13.0600004196167,6176500,12.268000030517578,14.16919994354248,51.72180512310624,46.89688709541027,12.743854809157188,11.751725531830047,10.759596254502906,10.619999885559082,81.4104100441578,76.62706888240888,90.83336048656464,81.4104100441578,1.219999313354494,0.0,1.2599992752075213,-0.039999961853027344,123.46368511695154,80.9954504126045,-0.5930381494476435,-0.7458771054584055,0.15283895601076192,1
