Date,YUM_Close,YUMC_Close,Ratio,Ratio_Moving_Avg,Sigma,Upper_band,Lower_band,Break_Upper,Break_Lower
2016-10-17,58.98162841796875,24.94687843322754,2.3642889260008277,,,,,,
2016-10-18,58.59399795532226,23.77004432678223,2.4650352834766536,,,,,,
2016-10-19,59.32845687866211,23.59497833251953,2.514452695932053,,,,,,
2016-10-20,58.6211929321289,23.59497833251953,2.484477506441905,,,,,,
2016-10-21,59.14484024047852,24.23688507080078,2.4402822420333568,,,,,,
2016-10-24,59.70928573608398,24.53839111328125,2.433300759631576,,,,,,
2016-10-25,58.30157089233398,23.84785079956055,2.444730612513238,,,,,,
2016-10-26,58.30157089233398,24.071552276611328,2.422011269667125,,,,,,
2016-10-27,58.04994201660156,24.149354934692386,2.403788514168898,,,,,,
2016-10-28,58.29476928710938,23.69223976135254,2.460500563657197,,,,,,
2016-10-31,58.67559814453125,23.57553100585937,2.4888346366386505,,,,,,
2016-11-01,57.410545349121094,25.472076416015625,2.2538620099704194,,,,,,
2016-11-02,56.47404479980469,25.86111068725586,2.1837439807886763,,,,,,
2016-11-03,56.89972686767578,26.113983154296875,2.178898811854113,,,,,,
2016-11-04,56.57809829711914,26.823974609375,2.10923620086283,,,,,,
2016-11-07,58.65921401977539,25.97782325744629,2.2580496232670804,,,,,,
2016-11-08,58.64976119995117,25.86111068725586,2.2678747989293937,,,,,,
2016-11-09,58.52678680419922,25.287281036376953,2.314475277907722,,,,,,
2016-11-10,58.02542495727539,25.287281036376953,2.2946486367515377,,,,,,
2016-11-11,57.420005798339844,26.240419387817386,2.1882274421649743,,,,,,
2016-11-14,57.420005798339844,25.17057228088379,2.2812356094878474,,,,,,
2016-11-15,57.420005798339844,25.83193206787109,2.222830473828822,,,,,,
2016-11-16,57.1362190246582,26.20151710510254,2.180645448714547,,,,,,
2016-11-17,57.47675323486328,26.3474063873291,2.181495680823627,,,,,,
2016-11-18,58.99030685424805,27.475608825683594,2.147006358567211,,,,,,
2016-11-21,58.64976119995117,28.12723731994629,2.0851589700336475,,,,,,
2016-11-22,59.34031295776367,29.15818023681641,2.035117160118174,,,,,,
2016-11-23,59.73762512207031,28.973390579223636,2.0618099548524094,,,,,,
2016-11-25,59.9173583984375,28.64271354675293,2.091888336649235,,,,,,
2016-11-28,59.69977569580078,27.57286262512207,2.165164223514731,,,,,,
2016-11-29,60.10654830932617,27.806285858154297,2.161617290994644,,,,,,
2016-11-30,59.96464920043945,27.34917068481445,2.192558227505401,,,,,,
2016-12-01,59.30247116088867,27.475608825683594,2.1583678650081097,,,,,,
2016-12-02,59.04706192016602,27.378347396850586,2.1567065778030994,,,,,,
2016-12-05,59.65248489379883,27.232460021972656,2.1904919660459576,,,,,,
2016-12-06,60.03086471557617,27.57286262512207,2.1771720090057354,,,,,,
2016-12-07,60.957908630371094,27.251909255981445,2.2368307503809706,,,,,,
2016-12-08,60.88223266601562,27.251909255981445,2.2340538453338916,,,,,,
2016-12-09,61.00521087646485,27.232460021972656,2.2401652596659454,,,,,,
2016-12-12,61.24169921875,25.72494697570801,2.3806346141968864,,,,,,
2016-12-13,61.12818908691406,26.27932357788086,2.32609446379987,,,,,,
2016-12-14,60.42816543579102,26.29877281188965,2.29775609181549,,,,,,
2016-12-15,60.3619499206543,25.67631721496582,2.350880362448219,,,,,,
2016-12-16,60.77817916870117,25.46234893798828,2.386982415358538,,,,,,
2016-12-19,60.57952499389648,25.209474563598636,2.4030459199403795,,,,,,
2016-12-20,60.74979782104492,25.93891716003418,2.342032917035033,,,,,,
2016-12-21,60.72142028808594,25.900012969970703,2.344455207744038,,,,,,
2016-12-22,60.5889892578125,25.44289588928223,2.3813715829154294,,,,,,
2016-12-23,60.3619499206543,25.29701042175293,2.3861297803296546,,,,,,
2016-12-27,60.570068359375,25.160846710205078,2.4073143903701846,,,,,,
2016-12-28,60.27681350708008,25.277557373046875,2.3845980296874907,,,,,,
2016-12-29,60.19168472290039,25.287281036376953,2.380314618891284,,,,,,
2016-12-30,59.90789031982422,25.40399169921875,2.3582077584156416,,,,,,
2017-01-03,59.79437637329102,25.52070426940918,2.342975168007591,,,,,,
2017-01-04,60.01194763183594,25.89028739929199,2.3179328489600723,,,,,,
2017-01-05,60.21060562133789,26.25014305114746,2.2937248571948614,,,,,,
2017-01-06,60.9389877319336,25.44289588928223,2.3951278186695735,,,,,,
2017-01-09,61.1092643737793,25.33591270446777,2.4119622247910257,,,,,,
2017-01-10,61.46873092651367,25.46234893798828,2.414102920206472,,,,,,
2017-01-11,61.28815841674805,25.34564018249512,2.4180947088121494,,,,,,
2017-01-12,61.44972610473633,25.277557373046875,2.4309993722043477,,,,,,
2017-01-13,61.44972610473633,25.25810432434082,2.432871656386273,,,,,,
2017-01-17,60.98405075073242,25.93891716003418,2.3510638618598394,,,,,,
2017-01-18,61.16461944580078,25.76385307312012,2.374047828646209,,,,,,
2017-01-19,60.85100173950195,25.287281036376953,2.4063876876270287,,,,,,
2017-01-20,61.37369155883789,25.33591270446777,2.422399077338752,,,,,,
2017-01-23,61.21213912963867,25.97782325744629,2.3563228728986294,,,,,,
2017-01-24,62.08645248413086,26.182064056396484,2.371335290846279,,,,,,
2017-01-25,62.343055725097656,26.25987243652344,2.3740806767358116,,,,,,
2017-01-26,62.05794906616211,27.22273063659668,2.279637186092381,,,,,,
2017-01-27,62.62816619873047,27.281084060668945,2.2956626671966203,,,,,,
2017-01-30,62.41908264160156,26.96013641357422,2.315236157713729,,,,,,
2017-01-31,62.276527404785156,26.72671318054199,2.33012293670756,,,,,,
2017-02-01,61.6492919921875,26.80451965332031,2.2999588423719777,,,,,,
2017-02-02,62.409584045410156,27.709028244018555,2.2523194785397167,,,,,,
2017-02-03,62.94178009033203,27.650671005249023,2.276320168808329,,,,,,
2017-02-06,63.00831604003906,28.00080299377441,2.250232468477711,,,,,,
2017-02-07,63.18886947631836,27.32971954345703,2.312093593783194,,,,,,
2017-02-08,63.28389358520508,26.38630485534668,2.398361344346471,,,,,,
2017-02-09,64.04417419433594,26.22096443176269,2.442479732620216,,,,,,
2017-02-10,64.62389373779297,25.83193206787109,2.5017057790334642,,,,,,
2017-02-13,64.72843170166016,26.51274490356445,2.4414081581178673,,,,,,
2017-02-14,65.17510223388672,25.900012969970703,2.516411953517274,,,,,,
2017-02-15,65.24162292480469,25.919464111328125,2.5170899616049844,,,,,,
2017-02-16,65.04204559326172,26.113983154296875,2.490697999188971,,,,,,
2017-02-17,65.00404357910156,25.841655731201172,2.515475179116166,,,,,,
2017-02-21,64.31027984619139,26.0167236328125,2.4718823459031847,,,,,,
2017-02-22,62.8182258605957,26.036174774169922,2.4127286901959453,,,,,,
2017-02-23,62.48561096191406,26.036174774169922,2.3999535839613833,,,,,,
2017-02-24,62.67567825317383,26.25014305114746,2.387631874274076,,,,,,
2017-02-27,62.26701736450195,26.25987243652344,2.3711850663028398,,,,,,
2017-02-28,62.07695770263672,25.86111068725586,2.400397974137581,,,,,,
2017-03-01,62.3145523071289,25.773576736450195,2.417768901240655,,,,,,
2017-03-02,61.972412109375,25.686044692993164,2.412688012112675,,,,,,
2017-03-03,61.80134582519531,25.783302307128906,2.396952302269972,,,,,,
2017-03-06,61.29766845703125,25.58878517150879,2.3954895883561385,,,,,,
2017-03-07,60.84149932861328,25.29701042175293,2.405086542411968,,,,,,
2017-03-08,60.898521423339844,25.65686416625977,2.3735761716127746,,,,,,
2017-03-09,60.64192962646485,25.481801986694336,2.3798132352700114,,,,,,
2017-03-10,61.11709976196289,25.6276912689209,2.384807087015308,,,,,,
2017-03-13,61.18362045288086,25.75412368774414,2.3756824807825585,,,,,,
2017-03-14,60.77497482299805,25.287281036376953,2.403381159705164,,,,,,
2017-03-15,60.73695755004883,25.15112113952637,2.414880720947161,,,,,,
2017-03-16,60.65143203735352,25.51097869873047,2.37746394419481,,,,,,
2017-03-17,60.69894409179688,25.559612274169922,2.374799094786666,,,,,,
2017-03-20,60.88901901245117,26.191791534423828,2.3247366997566714,,,,,,
2017-03-21,60.56589889526367,25.93891716003418,2.334943225331765,,,,,,
2017-03-22,60.17625045776367,26.104257583618164,2.3052274237259875,,,,,,
2017-03-23,60.04320526123047,25.59851264953613,2.3455739824914597,,,,,,
2017-03-24,60.4233512878418,25.42344665527344,2.3766781942332953,,,,,,
2017-03-27,60.35681533813477,25.73467254638672,2.3453500420237203,,,,,,
2017-03-28,61.26916122436523,25.82220458984375,2.372731615969896,,,,,,
2017-03-29,60.87001037597656,25.880563735961914,2.351958442520154,,,,,,
2017-03-30,60.84149932861328,25.79302978515625,2.358834919177554,,,,,,
2017-03-31,60.72745132446289,26.454389572143555,2.29555292360285,,,,,,
2017-04-03,60.39482498168945,26.454389572143555,2.2829793451475116,,,,,,
2017-04-04,60.67042922973633,27.19355392456055,2.2310592208008635,,,,,,
2017-04-05,60.69894409179688,27.40752601623535,2.2146816190502108,,,,,,
2017-04-06,61.34518051147461,29.91680145263672,2.0505260433203145,,,,,,
2017-04-07,61.08858871459961,30.29611015319824,2.0163838989788836,,,,,,
2017-04-10,60.94602966308594,30.49062919616699,1.9988446047137503,,,,,,
2017-04-11,61.25158309936523,31.60910224914551,1.9377830669335456,,,,,,
2017-04-12,61.137001037597656,31.74526786804199,1.925861873074455,,,,,,
2017-04-13,60.9078483581543,32.08567428588867,1.8982879342180963,,,,,,
2017-04-17,61.00332260131836,32.037036895751946,1.9041499624269962,,,,,,
2017-04-18,61.07015991210938,31.861974716186523,1.9167098227933912,,,,,,
2017-04-19,61.62395858764648,32.10512542724609,1.9194430100356863,,,,,,
2017-04-20,62.10136795043945,32.17321014404297,1.930219821783554,,,,,,
2017-04-21,61.89130401611328,31.852251052856445,1.9430747269136257,,,,,,
2017-04-24,62.75064086914063,32.406627655029304,1.9363520801092096,,,,,,
2017-04-25,62.99890518188477,32.776206970214844,1.9220926094082393,,,,,,
2017-04-26,62.90341567993164,33.447296142578125,1.8806726681818722,,,,,,
2017-04-27,63.02754211425781,33.31113052368164,1.8920865525548614,,,,,,
2017-04-28,62.77929306030274,33.18470001220703,1.8918143914879237,,,,,,
2017-05-01,62.77929306030274,33.622360229492195,1.8671887586652898,,,,,,
2017-05-02,63.3426399230957,33.82659912109375,1.872568971428056,,,,,,
2017-05-03,65.16632843017578,34.11838531494141,1.9100062276873808,,,,,,
2017-05-04,65.86334228515625,33.55427932739258,1.9628894914571342,,,,,,
2017-05-05,66.16890716552734,32.90264892578125,2.0110510650612063,,,,,,
2017-05-08,66.01609802246094,32.854015350341804,2.0093768545029342,,,,,,
2017-05-09,65.65329742431639,33.16524887084961,1.9795810271160652,,,,,,
2017-05-10,65.76786804199219,33.846054077148445,1.9431472836414372,,,,,,
2017-05-11,66.00657653808594,33.35976409912109,1.9786283962309248,,,,,,
2017-05-12,65.78696441650389,33.57373046875,1.9594773502377867,,,,,,
2017-05-15,66.09252166748047,32.87346649169922,2.0105126936999267,,,,,,
2017-05-16,66.21662902832031,34.07947540283203,1.9430061127882754,,,,,,
2017-05-17,66.03522491455078,33.690441131591804,1.9600581855435846,,,,,,
2017-05-18,65.97791290283203,34.61439895629883,1.9060828699100072,,,,,,
2017-05-19,66.90411376953125,35.35356521606445,1.8924290481213026,,,,,,
2017-05-22,67.8016357421875,35.898216247558594,1.8887187952353657,,,,,,
2017-05-23,67.7156982421875,36.63738250732422,1.8482679058377158,,,,,,
2017-05-24,68.69914245605469,36.462318420410156,1.88411339246052,,,,,,
2017-05-25,68.87101745605469,36.744361877441406,1.8743288476683795,,,,,,
2017-05-26,68.83283233642578,36.72491455078125,1.8742816199408012,,,,,,
2017-05-30,69.13837432861328,36.812442779541016,1.8781251421608407,,,,,,
2017-05-31,69.35798645019531,37.35709762573242,1.8566213881246478,,,,,,
2017-06-01,70.49422454833984,38.90351104736328,1.8120273119440629,,,,,,
2017-06-02,70.6469955444336,38.845157623291016,1.8186821695910595,,,,,,
2017-06-05,70.84750366210938,39.34118270874024,1.8008483422225516,,,,,,
2017-06-06,70.96208953857422,39.63295364379883,1.790481985681562,,,,,,
2017-06-07,70.90477752685547,40.55691909790039,1.7482782002177817,,,,,,
2017-06-08,70.62788391113281,39.63295364379883,1.7820494668628768,,,,,,
2017-06-09,69.79721069335939,38.69926452636719,1.803579772060114,,,,,,
2017-06-12,68.66097259521484,38.30050659179688,1.7926909773543438,,,,,,
2017-06-13,69.38662719726561,38.640907287597656,1.7956780020932952,,,,,,
2017-06-14,69.73991394042969,38.61173629760742,1.8061843529360042,,,,,,
2017-06-15,69.32935333251953,38.59228515625,1.7964562878778294,,,,,,
2017-06-16,69.49165344238281,38.78680038452149,1.7916315023013498,,,,,,
2017-06-19,70.5896987915039,39.39952850341797,1.7916381609840875,,,,,,
2017-06-20,70.57060241699219,39.02994918823242,1.8081141247877748,,,,,,
2017-06-21,71.03845977783203,39.46761703491211,1.7999176315862473,,,,,,
2017-06-22,71.17214965820312,39.26336669921875,1.812685860675806,,,,,,
2017-06-23,71.43949127197266,38.89378356933594,1.8367843062791125,,,,,,
2017-06-26,71.36311340332031,39.33145523071289,1.8144030772498534,,,,,,
2017-06-27,70.62788391113281,38.35886001586914,1.8412404300313907,,,,,,
2017-06-28,70.79976654052734,38.35886001586914,1.8457213408124573,,,,,,
2017-06-29,70.13139343261719,37.74613571166992,1.85797544862148,,,,,,
2017-06-30,70.42738342285156,38.34913635253906,1.8364789959132581,,,,,,
2017-07-03,70.03589630126953,39.166114807128906,1.7881757393133566,,,,,,
2017-07-05,69.77811431884766,39.02994918823242,1.7878095096235955,,,,,,
2017-07-06,69.36753082275389,33.991943359375,2.0407050602954797,,,,,,
2017-07-07,70.16957855224611,36.29697799682617,1.933207182107055,,,,,,
2017-07-10,70.21732330322266,36.29697799682617,1.9345225740105003,,,,,,
2017-07-11,70.62788391113281,36.30670928955078,1.9453121831523246,,,,,,
2017-07-12,71.0401382446289,36.52067184448242,1.9452034876888968,,,,,,
2017-07-13,70.38822174072266,36.0246467590332,1.9538906852174134,,,,,,
2017-07-14,70.56078338623047,36.05382919311523,1.9570954033283274,,,,,,
2017-07-17,70.53203582763672,36.05382919311523,1.9562980522774924,,,,,,
2017-07-18,70.71417999267578,36.03437805175781,1.962408783387514,,,,,,
2017-07-19,71.08808135986328,36.03437805175781,1.97278502372807,,,,,,
2017-07-20,71.53865814208984,36.45259475708008,1.9625120960201359,,,,,,
2017-07-21,71.65370178222656,36.141361236572266,1.982595545120712,,,,,,
2017-07-24,71.50989532470703,36.16081237792969,1.9775522346492478,,,,,,
2017-07-25,71.71122741699219,35.791229248046875,2.003597778662644,,,,,,
2017-07-26,71.50989532470703,35.50918197631836,2.0138423738513076,,,,,,
2017-07-27,72.48778533935547,35.21739959716797,2.0582946545884275,,,,,,
2017-07-28,71.90296936035156,34.906173706054695,2.05989261286119,,,,,,
2017-07-31,72.36314392089844,34.808921813964844,2.0788677198231222,,,,,,
2017-08-01,72.41107940673828,35.48973083496094,2.0403389291249883,,,,,,
2017-08-02,73.4560775756836,35.82040786743164,2.0506767496210108,,,,,,
2017-08-03,71.76875305175781,35.800960540771484,2.0046599858689502,,,,,,
2017-08-04,71.93173217773438,36.11218643188477,1.9918963453905747,,,,,,
2017-08-07,71.89338684082031,36.16081237792969,1.9881574033635252,,,,,,
2017-08-08,71.13600158691406,36.11218643188477,1.9698613851889477,,,,,,
2017-08-09,71.97008514404297,36.24835205078125,1.985471920025998,,,,,,
2017-08-10,72.24811553955078,36.30670928955078,1.9899384150560866,,,,,,
2017-08-11,72.4398422241211,36.763816833496094,1.9704113572375328,,,,,,
2017-08-14,73.13011932373047,36.10245895385742,2.025627102497315,,,,,,
2017-08-15,73.23556518554688,36.20944213867188,2.022554363170674,,,,,,
2017-08-16,73.26432037353516,36.812442779541016,1.9902053447605692,,,,,,
2017-08-17,72.42066955566406,36.21917724609375,1.9995117245098286,,,,,,
2017-08-18,72.2960433959961,36.03437805175781,2.0063075125690806,,,,,,
2017-08-21,72.71786499023438,36.35533142089844,2.0001981043262713,,,,,,
2017-08-22,73.38895416259766,36.083003997802734,2.0338925818667053,,,,,,
2017-08-23,73.25475311279297,35.69397735595703,2.052300094838474,,,,,,
2017-08-24,73.11095428466797,35.27576065063477,2.072555004801927,,,,,,
2017-08-25,72.6987075805664,34.77001571655273,2.090844829441858,,,,,,
2017-08-28,73.06299591064453,34.67275619506836,2.1072162679999624,,,,,,
2017-08-29,72.94795227050781,34.215633392333984,2.132006484698068,,,,,,
2017-08-30,72.88084411621094,34.17673873901367,2.1324692409289328,,,,,,
2017-08-31,73.64781188964844,34.39070510864258,2.1415033991594528,,,,,,
2017-09-01,73.46566009521484,34.81864547729492,2.109951696516209,,,,,,
2017-09-05,73.16846466064453,35.65507125854492,2.0521194342897107,,,,,,
2017-09-06,73.06299591064453,34.94507598876953,2.090795164793035,,,,,,
2017-09-07,73.31226348876953,34.81864547729492,2.105546108523266,,,,,,
2017-09-08,73.32186889648438,34.65330123901367,2.1158696653678852,,,,,,
2017-09-11,74.58734893798828,35.061790466308594,2.1273114677261105,,,,,,
2017-09-12,73.98336791992188,35.18822860717773,2.102503332743231,,,,,,
2017-09-13,73.94502258300781,35.78150177001953,2.0665712428248213,,,,,,
2017-09-14,73.9737777709961,35.94684982299805,2.0578653800052655,,,,,,
2017-09-15,72.14264678955078,36.35533142089844,1.984375990259311,,,,,,
2017-09-18,72.5836410522461,37.79475784301758,1.9204684774996015,,,,,,
2017-09-19,72.63157653808594,38.602012634277344,1.8815489551337912,,,,,,
2017-09-20,73.21640014648438,39.08830642700195,1.8731023889003018,,,,,,
2017-09-21,73.32186889648438,38.747901916503906,1.892279717608513,,,,,,
2017-09-22,72.83291625976562,38.62146377563477,1.8858144963866939,,,,,,
2017-09-25,70.89632415771484,38.03791046142578,1.8638332994029931,,,,,,
2017-09-26,70.3690414428711,38.602012634277344,1.8229371123614848,,,,,,
2017-09-27,70.0814208984375,38.689537048339844,1.811379154288554,,,,,,
2017-09-28,70.46491241455078,38.80625534057617,1.8158132444403114,,,,,,
2017-09-29,70.57037353515625,38.87433624267578,1.815346070338429,,,,,,
2017-10-02,70.70458984375,39.2828254699707,1.799885547891643,,,,,,
2017-10-03,70.86756896972656,39.20501327514648,1.8076149719008554,,,,,,
2017-10-04,71.0401382446289,38.79652404785156,1.8310954392978125,,,,,,
2017-10-05,71.50031280517578,38.87433624267578,1.8392677461765532,,,,,,
2017-10-06,72.79456329345703,39.7010383605957,1.8335682465602083,,,,,,
2017-10-09,72.86167907714844,41.81155014038086,1.7426208507581715,,,,,,
2017-10-10,73.03424835205078,41.344703674316406,1.7664716846772353,,,,,,
2017-10-11,73.47525787353516,41.227989196777344,1.782169329744524,,,,,,
2017-10-12,73.25475311279297,41.762916564941406,1.7540621953182245,,,,,,
2017-10-13,73.05340576171875,41.762916564941406,1.749240995851441,,,,,,
2017-10-16,73.06299591064453,41.49059677124024,1.7609531218237169,,,,,,
2017-10-17,73.04383087158203,41.510047912597656,1.7596662626210644,,,,,,
2017-10-18,72.88084411621094,41.29607772827149,1.7648369560849688,,,,,,
2017-10-19,72.6891098022461,40.751426696777344,1.7837193859029825,,,,,,
2017-10-20,73.024658203125,40.99457931518555,1.7813247366603566,,,,,,
2017-10-23,72.43026733398438,41.07238388061523,1.7634785344945367,,,,,,
2017-10-24,72.22892761230469,39.8177375793457,1.8139887397763992,,,,,,
2017-10-25,71.58659362792969,39.02021789550781,1.834602610872941,,,,,,
2017-10-26,72.73705291748047,39.49679183959961,1.8415939505383845,,,,,,
2017-10-27,72.133056640625,39.010501861572266,1.8490676407237017,,,,,,
2017-10-30,71.86461639404297,39.32172393798828,1.8276059439147672,,,,,,
2017-10-31,71.37568664550781,39.24391555786133,1.8187707732749379,,,,,,
2017-11-01,71.24146270751953,38.79652404785156,1.836284678999862,,,,,,
2017-11-02,75.88160705566406,39.06884765625,1.9422535244272805,,,,,,
2017-11-03,75.65152740478516,40.66389846801758,1.8604100997420494,,,,,,
2017-11-06,76.57188415527344,40.031715393066406,1.9127804892551739,,,,,,
2017-11-07,77.664794921875,40.070613861083984,1.9381982814419012,,,,,,
2017-11-08,77.77983856201172,39.92472839355469,1.9481619961268974,,,,,,
2017-11-09,76.24590301513672,39.9344596862793,1.9092759389789198,,,,,,
2017-11-10,76.30343627929688,40.58609390258789,1.8800389232438932,,,,,,
2017-11-13,76.44723510742188,40.97512435913086,1.8656986721356086,,,,,,
2017-11-14,76.43760681152344,40.80978012084961,1.8730217752991927,,,,,,
2017-11-15,75.83135986328125,40.31376266479492,1.8810290791710946,,,,,,
2017-11-16,75.5811538696289,41.07238388061523,1.8401939875055717,,,,,,
2017-11-17,75.6388931274414,41.33498001098633,1.8299003194712449,,,,,,
2017-11-20,75.82172393798828,40.70280075073242,1.8628134314964533,,,,,,
2017-11-21,76.5338363647461,40.53745651245117,1.8879782539202614,,,,,,
2017-11-22,76.24516296386719,39.51625061035156,1.9294634937833455,,,,,,
2017-11-24,76.19703674316406,39.6037712097168,1.92398436855097,,,,,,
2017-11-27,76.58195495605469,39.642677307128906,1.9318058253921973,,,,,,
2017-11-28,77.97733306884766,40.09979248046875,1.9445819602888912,,,,,,
2017-11-29,78.72796630859375,39.9827995300293,1.9690458705740375,,,,,,
2017-11-30,80.32543182373047,39.80731201171875,2.0178562119462806,,,,,,
2017-12-01,80.25804901123047,39.5538215637207,2.0290845697914617,,,,,,
2017-12-04,80.17144775390625,40.02179718017578,2.003194594010336,,,,,,
2017-12-05,79.9693603515625,39.70981216430664,2.013843833374849,,,,,,
2017-12-06,80.10408020019531,38.95910263061523,2.056106911899124,,,,,,
2017-12-07,79.9212417602539,39.1735954284668,2.040181425424547,,,,,,
2017-12-08,80.18107604980469,39.787818908691406,2.015216673067988,,,,,,
2017-12-11,79.34384155273438,39.7780647277832,1.99466319177957,,,,,,
2017-12-12,78.90118408203125,39.5440673828125,1.9952723456142247,,,,,,
2017-12-13,79.09364318847656,39.60256576538086,1.9971848202223652,,,,,,
2017-12-14,78.94928741455078,39.47583770751953,1.9999395072878257,,,,,,
2017-12-15,79.19950103759766,39.52457809448242,2.0038038318403655,,,,,,
2017-12-18,79.9789810180664,40.16804504394531,1.9911096228498666,,,,,,
2017-12-19,79.7384033203125,40.9577522277832,1.9468451998257585,,,,,,
2017-12-20,79.03589630126953,39.88530731201172,1.9815792237224998,,,,,,
2017-12-21,79.39196014404297,40.06079864501953,1.9817867548657369,,,,,,
2017-12-22,79.29573059082031,39.8463020324707,1.9900398919378344,,,,,,
2017-12-26,79.09364318847656,38.55937194824219,2.0512171021520547,,,,,,
2017-12-27,79.29573059082031,39.1833381652832,2.0237104418295084,,,,,,
2017-12-28,79.55554962158203,39.66106414794922,2.005885402489778,,,,,,
2017-12-29,78.53549194335938,39.01759338378906,2.012822553427632,,,,,,
2018-01-02,78.52586364746094,39.61231994628906,1.9823596233175773,,,,,,
2018-01-03,78.45850372314453,41.1819953918457,1.9051651814491684,,,,,,
2018-01-04,79.25723266601562,41.43547821044922,1.912786725025138,,,,,,
2018-01-05,79.71914672851562,41.67921829223633,1.9126833466395667,,,,,,
2018-01-08,79.85388946533203,41.61097717285156,1.91905826036288,,,,,,
2018-01-09,79.64215850830078,42.20569610595703,1.8870002359008566,,,,,,
2018-01-10,79.44007873535156,41.61097717285156,1.9091135112102344,,,,,,
2018-01-11,79.38233184814453,42.70291519165039,1.8589440906288757,,,,,,
2018-01-12,80.46976470947266,44.71132278442383,1.7997625589709922,,,,,,
2018-01-16,79.80575561523438,45.08180236816406,1.770243233921626,,,,,,
2018-01-17,79.95972442626953,44.39933776855469,1.8009215552512152,,,,,,
2018-01-18,79.9693603515625,44.00935745239258,1.8170990212267901,,,,,,
2018-01-19,80.65261840820312,44.81857299804688,1.7995356168907437,,,,,,
2018-01-22,81.71117401123047,46.38824081420898,1.7614630901502495,,,,,,
2018-01-23,82.60614013671875,46.73922348022461,1.7673836659196842,,,,,,
2018-01-24,82.02871704101562,46.22249984741211,1.7746490845758145,,,,,,
2018-01-25,82.43290710449219,46.31024551391602,1.7800144695782592,,,,,,
2018-01-26,82.95257568359375,46.97321319580078,1.7659548930114362,,,,,,
2018-01-29,83.2220230102539,45.86176681518555,1.8146274945233423,,,,,,
2018-01-30,81.4032211303711,45.6180305480957,1.7844527734389275,,,,,,
2018-01-31,81.4032211303711,45.22804641723633,1.799839426611813,,,,,,
2018-02-01,80.81620788574219,45.57902526855469,1.7731008377113737,,,,,,
2018-02-02,79.51705932617188,44.40908432006836,1.7905584081191763,,,,,,
2018-02-05,76.79368591308594,43.20989227294922,1.7772246555949238,,,,,,
2018-02-06,77.54429626464844,42.7906608581543,1.8121780479553262,,,,,,
2018-02-07,77.11124420166016,43.19039535522461,1.7853794476167546,,,,,,
2018-02-08,73.425537109375,39.973052978515625,1.8368758860835357,,,,,,
2018-02-09,76.3221435546875,39.28083419799805,1.9429868309308276,,,,,,
2018-02-12,75.12885284423828,38.80310821533203,1.9361555375234885,,,,,,
2018-02-13,75.1868667602539,39.066349029541016,1.9245941488773226,,,,,,
2018-02-14,75.29319763183594,39.378326416015625,1.912046663344568,,,,,,
2018-02-15,76.34700012207031,39.28083419799805,1.9436196221607063,,,,,,
2018-02-16,75.65090942382812,39.42707443237305,1.918755335336577,,,,,,
2018-02-20,75.4865493774414,39.378326416015625,1.9169567690601534,,,,,,
2018-02-21,75.22554016113281,40.29478454589844,1.8668803173633035,,,,,,
2018-02-22,75.71858978271484,40.753013610839844,1.8579874977043305,,,,,,
2018-02-23,77.14944458007812,42.6541748046875,1.808719660697779,,,,,,
2018-02-26,77.89385986328125,42.84916305541992,1.8178618742806127,,,,,,
2018-02-27,77.51681518554688,42.47783660888672,1.8248767209893573,,,,,,
2018-02-28,78.67696380615234,42.33125305175781,1.8586022887145617,,,,,,
2018-03-01,77.0527572631836,41.06092834472656,1.8765468870135629,,,,,,
2018-03-02,77.62316131591797,41.50065994262695,1.8704078784103426,,,,,,
2018-03-05,77.95185852050781,41.2465934753418,1.8898980970903525,,,,,,
2018-03-06,78.67696380615234,41.80358123779297,1.8820627677473625,,,,,,
2018-03-07,78.70596313476562,40.94366836547852,1.9222987650302048,,,,,,
2018-03-08,79.68240356445312,40.4843978881836,1.9682249884148693,,,,,,
2018-03-09,80.19480895996094,40.4843978881836,1.9808818493844471,,,,,,
2018-03-12,79.67274475097656,41.03162002563477,1.9417401677340669,,,,,,
2018-03-13,79.61473083496094,40.31827163696289,1.974656343204254,,,,,,
2018-03-14,79.5373764038086,40.67005920410156,1.9556739763926203,,,,,,
2018-03-15,80.12712097167969,40.33782196044922,1.9864017707808674,,,,,,
2018-03-16,80.72653198242188,40.58211135864258,1.9892146879447643,,,,,,
2018-03-19,79.41169738769531,39.76128387451172,1.9972116000660836,,,,,,
2018-03-20,80.33014678955078,40.23033142089844,1.9967557798398277,,,,,,
2018-03-21,80.05945587158203,40.601654052734375,1.9718274474138158,,,,,,
2018-03-22,79.45038604736328,39.08703231811523,2.0326533209465816,,,,,,
2018-03-23,78.96697998046875,39.18474960327149,2.0152477884885065,,,,,,
2018-03-26,81.23893737792969,40.33782196044922,2.0139643994061838,,,,,,
2018-03-27,81.09391784667969,39.829689025878906,2.036016846478259,,,,,,
2018-03-28,81.45162200927734,39.79060363769531,2.04700644280035,,,,,,
2018-03-29,82.30239868164062,40.55279541015625,2.029512339389269,,,,,,
2018-04-02,80.95856475830078,38.72548294067383,2.090575987969644,,,,,,
2018-04-03,81.31629180908203,38.65707778930664,2.10352919722183,,,,,,
2018-04-04,82.58275604248047,38.959999084472656,2.119680646383626,,,,,,
2018-04-05,83.1531753540039,39.08703231811523,2.127385232965508,,,,,,
2018-04-06,81.65464782714844,37.67013168334961,2.1676231055820865,,,,,,
2018-04-09,81.64498138427734,38.3346061706543,2.12979836080272,,,,,,
2018-04-10,82.73745727539062,39.98603820800781,2.0691586609553427,,,,,,
2018-04-11,82.60211181640625,40.288963317871094,2.05024167945682,,,,,,
2018-04-12,82.90180206298828,40.11307144165039,2.0667029245960284,,,,,,
2018-04-13,82.58275604248047,39.35087585449219,2.0986256150395963,,,,,,
2018-04-16,83.39486694335938,39.17498397827149,2.128778584558313,,,,,,
2018-04-17,83.72357177734375,39.80037307739258,2.103587612471413,,,,,,
2018-04-18,84.10061645507812,39.41927337646485,2.13348976912624,,,,,,
2018-04-19,83.56888580322266,39.75151062011719,2.1022820139300733,,,,,,
2018-04-20,83.42386627197266,39.80037307739258,2.096057393978528,,,,,,
2018-04-23,83.03716278076172,38.84274291992188,2.137778038794813,,,,,,
2018-04-24,82.35073852539062,38.96977233886719,2.1131952686122486,,,,,,
2018-04-25,82.4280776977539,38.55936050415039,2.1376930690767457,,,,,,
2018-04-26,83.87825775146484,40.47462463378906,2.0723665385507126,,,,,,
2018-04-27,84.15863037109375,41.09024429321289,2.0481413975188927,,,,,,
2018-04-30,84.20696258544922,41.78403854370117,2.015290180660222,,,,,,
2018-05-01,83.76224517822266,41.50065994262695,2.0183352576566422,,,,,,
2018-05-02,77.53614044189453,36.15550994873047,2.1445179601074074,,,,,,
2018-05-03,79.92410278320312,36.06755828857422,2.215955461795764,,,,,,
2018-05-04,79.69208526611328,37.3183479309082,2.1354665917595415,,,,,,
2018-05-07,80.3494873046875,37.02518844604492,2.1701304078918344,,,,,,
2018-05-08,80.7362060546875,36.7711296081543,2.195641170533515,,,,,,
2018-05-09,81.64498138427734,36.81021118164063,2.2179981794018717,,,,,,
2018-05-10,81.86734771728516,37.11314010620117,2.205885772074729,,,,,,
2018-05-11,81.80934143066406,36.57569122314453,2.2367134753941813,,,,,,
2018-05-14,80.8232192993164,36.52683639526367,2.212707895770478,,,,,,
2018-05-15,80.92030334472656,36.21414184570313,2.234494570919341,,,,,,
2018-05-16,81.14363098144531,36.722267150878906,2.2096574442981587,,,,,,
2018-05-17,80.5901870727539,36.722267150878906,2.194586372939261,,,,,,
2018-05-18,79.9493408203125,37.279258728027344,2.144606506357512,,,,,,
2018-05-21,80.2891845703125,38.01214599609375,2.112198153152502,,,,,,
2018-05-22,79.98818969726562,37.62126541137695,2.126142989147744,,,,,,
2018-05-23,80.67756652832031,37.67990493774414,2.141129778899872,,,,,,
2018-05-24,81.04653930664062,37.89487838745117,2.138720131992271,,,,,,
2018-05-25,80.13381958007812,37.885108947753906,2.115179863692302,,,,,,
2018-05-29,79.53182983398438,37.71855926513672,2.1085595893238605,,,,,,
2018-05-30,80.11441040039062,38.61008834838867,2.0749605563576514,,,,,,
2018-05-31,78.96867370605469,38.50232315063477,2.051010620764393,,,,,,
2018-06-01,79.53182983398438,38.54150772094727,2.0635370678754974,,,,,,
2018-06-04,79.90080261230469,38.6884651184082,2.065235784561725,,,,,,
2018-06-05,80.50279998779297,39.482025146484375,2.03897342370649,,,,,,
2018-06-06,81.18246459960938,40.38335418701172,2.010295237578845,,,,,,
2018-06-07,81.74563598632812,40.32456588745117,2.0271919656738824,,,,,,
2018-06-08,80.76496124267578,40.853614807128906,1.976935495768722,,,,,,
2018-06-11,80.69699096679688,40.882999420166016,1.9738520194531555,,,,,,
2018-06-12,80.81350708007812,41.18670272827149,1.9621261651665525,,,,,,
2018-06-13,80.19207763671875,40.47152328491211,1.9814445103086735,,,,,,
2018-06-14,80.95914459228516,40.17761611938477,2.0150310648526566,,,,,,
2018-06-15,80.2212142944336,39.893497467041016,2.0108844645849944,,,,,,
2018-06-18,80.40570068359375,39.91309356689453,2.014519384442938,2.0585714063307337,,,,,
2018-06-19,78.65796661376953,39.47222137451172,1.9927423356153224,2.05768677159172,,,,,
2018-06-20,78.51232147216797,39.25668716430664,1.9999731802013525,2.0565794808696363,,,,,
2018-06-21,77.4151382446289,39.36445617675781,1.966625371299746,2.0552751300967023,,,,,
2018-06-22,78.0268325805664,39.63877487182617,1.9684471286731189,2.05404648634011,,,,,
2018-06-25,76.30821228027344,38.3847541809082,1.9879823098679004,2.052969581739716,,,,,
2018-06-26,77.68699645996094,38.95298385620117,1.9943785756374977,2.051924528920682,,,,,
2018-06-27,76.58009338378906,36.80743408203125,2.080560497999347,2.051057457219459,,,,,
2018-06-28,75.62854766845703,37.91449737548828,1.994713181068065,2.0500400808180324,,,,,
2018-06-29,75.94896697998047,37.67937088012695,2.0156644128057315,2.0491159758147868,,,,,
2018-07-02,75.8421630859375,37.21891403198242,2.0377317570514255,2.0481093834181063,,,,,
2018-07-03,75.58000183105469,36.38615798950195,2.0771635700823605,2.0471292142120197,,,,,
2018-07-05,75.4828872680664,35.69057083129883,2.114925189200721,2.046798412257806,,,,,
2018-07-06,75.99752044677734,36.58210372924805,2.0774507942258107,2.04654533324218,,,,,
2018-07-09,76.87137603759766,36.591896057128906,2.100775972843348,2.046359326482631,,,,,
2018-07-10,77.00730895996094,35.994285583496094,2.13943151563119,2.046431220089222,,,,,
2018-07-11,76.50242614746094,35.563209533691406,2.151167657547474,2.046176739218461,,,,,
2018-07-12,76.82283782958984,35.82772827148437,2.1442285496715088,2.0458823433868947,,,,,
2018-07-13,76.84224700927734,35.876712799072266,2.141841908416548,2.0454713115547727,,,,,
2018-07-16,76.3761978149414,35.759151458740234,2.1358503963122866,2.045093220506108,,,,,
2018-07-17,76.4344482421875,35.90610885620117,2.1287310342732075,2.04495156239208,,,,,
2018-07-18,77.18208312988281,36.06286239624024,2.1402095674449146,2.044615786101502,,,,,
2018-07-19,77.02674102783203,35.26930236816406,2.1839598703647862,2.044523237045635,,,,,
2018-07-20,77.00730895996094,33.02578353881836,2.3317329888463325,2.044882969284044,,,,,
2018-07-23,76.65776062011719,33.51563262939453,2.287224038638176,2.0451347034693166,,,,,
2018-07-24,75.97809600830078,32.82004547119141,2.3149905771761463,2.045534665894576,,,,,
2018-07-25,76.38590240478516,31.64440155029297,2.41388361487525,2.046317343620389,,,,,
2018-07-26,76.65776062011719,35.063560485839844,2.1862514689880066,2.0466771872129366,,,,,
2018-07-27,76.61893463134766,36.45474243164063,2.1017549301033274,2.046772294296867,,,,,
2018-07-30,76.45386505126953,35.31828689575195,2.1647104593984516,2.0469456803034127,,,,,
2018-07-31,76.98789978027344,35.347679138183594,2.17801851938587,2.0469762857697726,,,,,
2018-08-01,77.16266632080078,34.91660690307617,2.2099130804718228,2.0470912757447186,,,,,
2018-08-02,78.28898620605469,34.583507537841804,2.26376651125944,2.047260819277466,,,,,
2018-08-03,79.4832763671875,34.387569427490234,2.3113955912117095,2.0476251710065223,,,,,
2018-08-06,79.22110748291016,33.731170654296875,2.3486023741906066,2.048082065759826,,,,,
2018-08-07,78.96867370605469,33.99569320678711,2.3229022931142613,2.0483973284433215,,,,,
2018-08-08,79.54153442382812,33.99569320678711,2.339753272274735,2.0487844266892,,,,,
2018-08-09,80.32803344726562,34.025081634521484,2.360847633228473,2.0490797049816942,,,,,
2018-08-10,80.53191375732422,33.74096298217773,2.386769867826887,2.0494433145590585,,,,,
2018-08-13,79.98818969726562,33.52542495727539,2.3858963696717375,2.0497902933924057,,,,,
2018-08-14,80.67756652832031,34.85783004760742,2.314474722555424,2.0496327698408785,,,,,
2018-08-15,80.4639663696289,34.30919647216797,2.3452594243908407,2.0496784006994284,,,,,
2018-08-16,81.75532531738281,34.612899780273445,2.361990062559761,2.04983133872501,,,,,
2018-08-17,81.7260971069336,34.152442932128906,2.3929795379307928,2.0499315748571116,,,,,
2018-08-20,82.01863861083984,34.358177185058594,2.3871650166152425,2.0499320096220086,,,,,
2018-08-21,82.23316192626953,34.808841705322266,2.362421669253536,2.0498352852156114,,,,,
2018-08-22,81.7260971069336,34.838233947753906,2.3458737096001,2.0498444299598138,,,,,
2018-08-23,81.44330596923828,34.29939651489258,2.374482184661066,2.049915922761997,,,,,
2018-08-24,82.04788970947266,34.612899780273445,2.370442529528639,2.0498899012063143,,,,,
2018-08-27,82.38917541503906,35.16153335571289,2.3431621875401754,2.0497875974139586,,,,,
2018-08-28,83.24729919433594,36.51729965209961,2.279667444948918,2.0494836761153366,,,,,
2018-08-29,83.85187530517578,38.54113006591797,2.175646514820961,2.0489861725085117,,,,,
2018-08-30,83.569091796875,37.794471740722656,2.2111459149416093,2.04858338988006,,,,,
2018-08-31,84.72950744628906,38.00078582763672,2.2296777711546185,2.048277366100867,,,,,
2018-09-04,84.85626983642578,37.83376693725586,2.2428712947656737,2.0480390235455292,,,,,
2018-09-05,84.57347869873047,37.42115020751953,2.26004487381406,2.047901195033277,,,,,
2018-09-06,85.73388671875,37.35237121582031,2.2952729352410715,2.0479048809333866,,,,,
2018-09-07,86.20196533203125,37.37202453613281,2.3065907293485703,2.0476940783397652,,,,,
2018-09-10,86.2604751586914,36.212745666503906,2.382047358493468,2.047622852467628,,,,,
2018-09-11,86.03619384765625,31.379138946533203,2.7418277472257286,2.048403149674817,,,,,
2018-09-12,86.13369750976562,31.899831771850586,2.7001301488295844,2.0490746626272394,,,,,
2018-09-13,86.28972625732422,32.56789016723633,2.649533814263863,2.049594982727381,,,,,
2018-09-14,85.94842529296875,32.597366333007805,2.636667772940237,2.050080211576319,,,,,
2018-09-17,85.50961303710938,32.725082397460945,2.6129686091712894,2.0507037943080126,,,,,
2018-09-18,86.09469604492188,33.07875442504883,2.6027188006730633,2.051248249003315,,,,,
2018-09-19,86.34823608398438,34.198745727539055,2.5248948242698606,2.0515304088524644,,,,,
2018-09-20,86.74803924560547,34.50329971313477,2.5141954528071437,2.051748971651199,,,,,
2018-09-21,87.30386352539062,34.64084243774414,2.520258093673428,2.0521392936054244,,,,,
2018-09-24,87.07958984375,34.10049819946289,2.5536163528872304,2.0525732961340935,,,,,
2018-09-25,87.6451644897461,34.24786376953125,2.5591425228606512,2.0530139195772477,,,,,
2018-09-26,87.6451644897461,34.454174041748054,2.543818475623494,2.05364292264756,,,,,
2018-09-27,88.07421112060547,34.326461791992195,2.565781805719101,2.054286063453566,,,,,
2018-09-28,88.64955139160156,34.49347305297852,2.570038431776491,2.0548927355346676,,,,,
2018-10-01,88.1717300415039,33.89418792724609,2.601381990055777,2.055538590423592,,,,,
2018-10-02,87.74267578125,33.402969360351555,2.626792691232961,2.0563167662542132,,,,,
2018-10-03,87.52814483642578,33.31454849243164,2.627324961534758,2.057209636451821,,,,,
2018-10-04,87.3428726196289,33.31454849243164,2.6217636609864714,2.058032120957007,,,,,
2018-10-05,87.76217651367188,32.68578720092773,2.685025634358315,2.059067342780532,,,,,
2018-10-08,88.38626861572266,32.715259552001946,2.7016832458635966,2.0599949371902473,,,,,
2018-10-09,88.91282653808594,32.882274627685554,2.7039743309979203,2.060722587158465,,,,,
2018-10-10,86.98207092285156,31.614925384521484,2.7512976818676145,2.061457867990007,,,,,
2018-10-11,84.90502166748047,31.48720550537109,2.696492759670189,2.0619216465153323,,,,,
2018-10-12,85.86066436767578,32.322280883789055,2.6563924952071813,2.0624335139845926,,,,,
2018-10-15,86.25071716308594,31.68369483947754,2.7222430212153945,2.0629235879553023,,,,,
2018-10-16,88.18148803710938,32.27315902709961,2.7323475821831953,2.0634361060995365,,,,,
2018-10-17,89.0883560180664,32.03737258911133,2.7807634902103433,2.0641267382210158,,,,,
2018-10-18,87.58666229248047,32.27315902709961,2.713916608502266,2.0645992178147923,,,,,
2018-10-19,87.1771011352539,31.290719985961914,2.7860369200313873,2.06534720489605,,,,,
2018-10-22,87.12833404541016,31.811410903930664,2.738901908768984,2.066123807797414,,,,,
2018-10-23,86.61151885986328,31.44791030883789,2.7541263635416375,2.0669670763202244,,,,,
2018-10-24,84.89527893066406,30.77002716064453,2.7590251541684303,2.0678513460342582,,,,,
2018-10-25,84.75875854492188,30.77002716064453,2.754588356468206,2.0687642110108424,,,,,
2018-10-26,83.64710998535156,31.17282676696777,2.6833341297744635,2.0694378685242634,,,,,
2018-10-29,83.34481048583984,30.652135848999023,2.7190539313938724,2.0701552138341524,,,,,
2018-10-30,84.28093719482422,31.133529663085934,2.7070794126742888,2.0708561457402515,,,,,
2018-10-31,88.16199493408203,35.446441650390625,2.4871888637970088,2.071070994696268,,,,,
2018-11-01,85.8021469116211,35.210655212402344,2.4368233534432715,2.071169408422666,,,,,
2018-11-02,84.7392578125,35.37767028808594,2.3952752434644475,2.0711460481870767,,,,,
2018-11-05,85.29508972167969,35.407142639160156,2.408979752784221,2.0712303424279614,,,,,
2018-11-06,85.71439361572266,36.64501953125,2.3390461981505415,2.0711332780538676,,,,,
2018-11-07,87.15758514404297,36.40923309326172,2.393831941496545,2.071154765802632,,,,,
2018-11-08,88.21072387695312,36.6253662109375,2.408459846351259,2.071232807149224,,,,,
2018-11-09,88.46427917480469,35.859066009521484,2.4669989773664267,2.0713842781436558,,,,,
2018-11-12,87.2258529663086,35.72152709960937,2.441828780809946,2.071448440190948,,,,,
2018-11-13,86.81629943847656,34.95522308349609,2.483643123406825,2.0717012477605006,,,,,
2018-11-14,86.96256256103516,35.15170669555664,2.4739214887687853,2.071937253460458,,,,,
2018-11-15,86.58226776123047,35.171356201171875,2.461726732003176,2.072263420203902,,,,,
2018-11-16,86.67977905273438,34.55242156982422,2.5086455627305355,2.0726769971977084,,,,,
2018-11-19,85.93866729736328,34.40505599975586,2.497849946762857,2.0731356222525577,,,,,
2018-11-20,85.02205657958984,34.002254486083984,2.500482919871875,2.0735044530558446,,,,,
2018-11-21,84.86602783203125,34.238037109375,2.478705994766078,2.0737473763904464,,,,,
2018-11-23,85.37521362304688,34.40505599975586,2.481472886533093,2.074071478401183,,,,,
2018-11-26,86.47188568115234,34.57263946533203,2.5011652861466556,2.074377272853985,,,,,
2018-11-27,87.60774993896484,34.848670959472656,2.5139480940563983,2.0747629625004995,,,,,
2018-11-28,89.82070922851562,36.0020866394043,2.494875092328866,2.075086867674669,,,,,
2018-11-29,89.947998046875,35.27257537841797,2.5500830909531764,2.0756928918826465,,,,,
2018-11-30,90.3005142211914,35.32186508178711,2.5565047035908854,2.076344142736083,,,,,
2018-12-03,90.15362548828124,36.011940002441406,2.503437067877191,2.076992661419598,,,,,
2018-12-04,88.79256439208984,35.11484146118164,2.5286334978971,2.0777401658930432,,,,,
2018-12-06,89.59549713134766,34.927539825439446,2.565182019092305,2.0789655372639286,,,,,
2018-12-07,88.54776763916016,34.483924865722656,2.567798415753349,2.0802784289705345,,,,,
2018-12-10,88.38130187988281,34.46420669555664,2.564437436805343,2.0816250785707524,,,,,
2018-12-11,87.94065856933594,34.267040252685554,2.5663336524211164,2.083121627583818,,,,,
2018-12-12,88.57713317871094,35.65704345703125,2.484141268903895,2.0844508642405546,,,,,
2018-12-13,91.51470184326172,35.94293212890625,2.5461111941299635,2.085993300573678,,,,,
2018-12-14,89.79132843017578,35.134559631347656,2.555641208323625,2.0875444702067654,,,,,
2018-12-17,87.84274291992188,34.50363922119141,2.5458979082406676,2.089042537076878,,,,,
2018-12-18,88.2246322631836,34.345901489257805,2.5687091745365067,2.090588408897118,,,,,
2018-12-19,88.24420928955078,33.48824691772461,2.6350799881030804,2.092266647388355,,,,,
2018-12-20,85.3066635131836,32.59115600585937,2.6174789104702767,2.093872371634918,,,,,
2018-12-21,86.30542755126953,31.8024959564209,2.7137941521802014,2.095723424187468,,,,,
2018-12-24,85.20873260498047,31.81235694885254,2.6784790810054684,2.0975243443579377,,,,,
2018-12-26,88.11691284179688,32.492568969726555,2.711909696149163,2.099503480138812,,,,,
2018-12-27,89.06672668457031,32.916473388671875,2.705840496121386,2.101440989528256,,,,,
2018-12-28,89.70320892333984,32.95590209960937,2.7219163551406202,2.103417422775048,,,,,
2018-12-31,90.00674438476562,33.054481506347656,2.7229815832228703,2.1054550247382804,,,,,
2019-01-02,89.5367431640625,33.73469924926758,2.6541438090931386,2.1073159172089118,,,,,
2019-01-03,87.28460693359375,32.41370010375977,2.6928307059726673,2.1091797850143528,,,,,
2019-01-04,89.55632019042969,33.330516815185554,2.6869166381970824,2.1109036591732573,,,,,
2019-01-07,89.45840454101562,33.714981079101555,2.6533725269229644,2.1124329959872137,,,,,
2019-01-08,89.28215026855469,33.10377883911133,2.697038024041834,2.114070284486116,,,,,
2019-01-09,89.24298095703125,34.08959197998047,2.6178952511206437,2.1155900802575553,,,,,
2019-01-10,89.87945556640625,33.97129440307617,2.645747156407072,2.1172629370974736,,,,,
2019-01-11,89.04715728759766,34.40505599975586,2.5881997485552573,2.1187142974601505,,,,,
2019-01-14,88.126708984375,33.60654067993164,2.6223082531371764,2.1202924662765774,,,,,
2019-01-15,88.50859069824219,34.17831420898437,2.5896125290748295,2.1216712754084224,,,,,
2019-01-16,87.96025848388672,34.444488525390625,2.55368165560209,2.1231252647960748,,,,,
2019-01-17,88.81214904785156,34.927539825439446,2.542754213200132,2.124512636290495,,,,,
2019-01-18,90.43759155273438,35.647186279296875,2.5370190747778203,2.126014865349704,,,,,
2019-01-22,90.1340560913086,34.52335739135742,2.6108137476186704,2.127725305110412,,,,,
2019-01-23,90.84883880615234,33.754417419433594,2.6914651696476177,2.129636606001869,,,,,
2019-01-24,90.97615051269531,34.78952407836914,2.615044411293369,2.1314622643481926,,,,,
2019-01-25,90.78031158447266,34.907825469970696,2.600571945180774,2.133168118045145,,,,,
2019-01-28,90.66280364990234,35.104991912841804,2.5826185596338753,2.1348545221212536,,,,,
2019-01-29,90.74114227294922,35.47959899902344,2.557558282308851,2.136481371317368,,,,,
2019-01-30,91.50489044189452,35.381011962890625,2.58627114843039,2.138167433237057,,,,,
2019-01-31,92.0238800048828,35.93307113647461,2.5609800970079637,2.1398444777820176,,,,,
2019-02-01,92.1707534790039,38.79194259643555,2.376028301492515,2.1411873372809427,,,,,
2019-02-04,92.679931640625,38.69336318969727,2.3952410439551173,2.142560096505619,,,,,
2019-02-05,92.47430419921876,39.94535446166992,2.3150202431662903,2.1437843153173897,,,,,
2019-02-06,92.62116241455078,40.5269889831543,2.2854192906620887,2.1449627374721048,,,,,
2019-02-07,92.64076232910156,41.069190979003906,2.255724062752124,2.1461709419067105,,,,,
2019-02-08,92.52326202392578,39.87635040283203,2.3202540124473066,2.147452381300959,,,,,
2019-02-11,91.31886291503906,40.54670333862305,2.2521895837596406,2.1485204999002443,,,,,
2019-02-12,92.09241485595705,40.73400497436523,2.260823970388199,2.14963510226461,,,,,
2019-02-13,91.79734802246094,40.70442962646485,2.2552176474369987,2.1507292442773336,,,,,
2019-02-14,92.30879974365234,40.388973236083984,2.2854950831278518,2.1518704603015997,,,,,
2019-02-15,92.5743637084961,40.11294174194336,2.3078427980687692,2.153088047230626,,,,,
2019-02-19,92.9677963256836,40.60585021972656,2.289517294247401,2.154273489592402,,,,,
2019-02-20,93.16451263427734,41.28606796264648,2.256560559813248,2.1553804476848524,,,,,
2019-02-21,93.32189178466795,41.14805603027344,2.267953842485516,2.1564753041555615,,,,,
2019-02-22,93.8235092163086,40.93116760253906,2.29222655281616,2.157647468253728,,,,,
2019-02-25,91.96454620361328,41.059329986572266,2.2397965635018564,2.158664398498552,,,,,
2019-02-26,91.82685089111328,41.4635124206543,2.214642357345766,2.1595640605249007,,,,,
2019-02-27,91.58094787597656,41.06806182861328,2.2299797896030613,2.1605535288876463,,,,,
2019-02-28,92.94812774658205,41.24601364135742,2.2535057219052765,2.1615351129159177,,,,,
2019-03-01,93.80384063720705,40.92964553833008,2.291831248559457,2.1625972793629344,,,,,
2019-03-04,93.5776138305664,40.464988708496094,2.3125575174303385,2.1636796176220034,,,,,
2019-03-05,94.35464477539062,41.12737655639648,2.2942052879547403,2.1647694421268637,,,,,
2019-03-06,95.01364135742188,41.157039642333984,2.3085635454618845,2.1660084607129315,,,,,
2019-03-07,94.95462799072266,40.41555786132813,2.349457313357551,2.1673457173884887,,,,,
2019-03-08,95.08248901367188,39.84214401245117,2.3864802301793144,2.168168991602498,,,,,
2019-03-11,96.18409729003906,40.29691696166992,2.386884767922284,2.1692491763306294,,,,,
2019-03-12,96.37097930908205,40.67260360717773,2.3694322655084443,2.1702846755961005,,,,,
2019-03-13,97.02013397216795,40.5341911315918,2.393538177614004,2.1713518803448193,,,,,
2019-03-14,97.35455322265624,40.67260360717773,2.3936149788423067,2.172419526752327,,,,,
2019-03-15,99.24302673339844,42.21487808227539,2.3509016546246344,2.1733647909652016,,,,,
2019-03-18,98.59385681152344,43.00579452514648,2.292571452292861,2.1741635434627358,,,,,
2019-03-19,97.61028289794922,43.00579452514648,2.269700722326482,2.1749097402961857,,,,,
2019-03-20,96.9512939453125,42.699310302734375,2.2705587808781056,2.175643430766401,,,,,
2019-03-21,97.56111907958984,42.73885726928711,2.2827264300699723,2.1763813864957866,,,,,
2019-03-22,97.3447265625,42.94647216796875,2.266652454752819,2.1771055302070548,,,,,
2019-03-25,97.3447265625,42.81795120239258,2.2734559648211423,2.1777980550158653,,,,,
2019-03-26,97.12833404541016,42.84760665893555,2.266832190151157,2.1784868168146794,,,,,
2019-03-27,97.35455322265624,43.67806243896485,2.228911901911817,2.179023279012892,,,,,
2019-03-28,97.51193237304688,43.25294876098633,2.2544574454771404,2.179596172040572,,,,,
2019-03-29,98.17092895507812,44.39977264404297,2.2110682805095294,2.179959918768956,,,,,
2019-04-01,98.92827606201172,45.08192825317383,2.194410929063289,2.1802802004741992,,,,,
2019-04-02,98.53484344482422,44.90397644042969,2.1943456071321896,2.180555147824935,,,,,
2019-04-03,98.88894653320312,44.805118560791016,2.2070903885463857,2.180952175109271,,,,,
2019-04-04,98.80040740966795,44.024085998535156,2.2442352900399887,2.1814130287769355,,,,,
2019-04-05,98.3184585571289,44.152610778808594,2.2267869741536925,2.181941902558566,,,,,
2019-04-08,97.95453643798828,43.64841079711914,2.244171887340591,2.182542558610828,,,,,
2019-04-09,97.84635162353516,43.18374252319336,2.26581453821385,2.183203647027138,,,,,
2019-04-10,98.39714813232422,43.10465621948242,2.2827498642211816,2.1839486195962627,,,,,
2019-04-11,99.11516571044922,43.18374252319336,2.2951962919197175,2.1846860585769616,,,,,
2019-04-12,99.7348175048828,43.99442672729492,2.266987546470416,2.1853456993660436,,,,,
2019-04-15,99.97087097167969,43.25294876098633,2.3113076411070566,2.186157357184781,,,,,
2019-04-16,99.9610366821289,43.75715637207031,2.284450018464474,2.186773602222798,,,,,
2019-04-17,99.83317565917969,43.83624649047852,2.2774115863424576,2.187380405135112,,,,,
2019-04-18,101.62328338623048,44.72602462768555,2.2721286819514326,2.188051651176042,,,,,
2019-04-22,101.48558044433594,43.90545272827149,2.311457327918352,2.1887943788032054,,,,,
2019-04-23,101.2298583984375,43.81647872924805,2.310314779605174,2.189518205629482,,,,,
2019-04-24,101.64295196533205,43.51988220214844,2.335552093022767,2.190316667507331,,,,,
2019-04-25,101.75113677978516,44.17238235473633,2.3035012230639857,2.190958592843515,,,,,
2019-04-26,102.3806381225586,44.51840591430664,2.2997372888784655,2.1915477290198004,,,,,
2019-04-29,102.09539794921876,44.24159240722656,2.3076790954871274,2.192107548283337,,,,,
2019-04-30,102.67572021484376,46.99989318847656,2.184594756483783,2.192330762395341,,,,,
2019-05-01,100.26595306396484,44.99295043945313,2.2284813973000595,2.1926194888936745,,,,,
2019-05-02,100.06922912597656,46.60443496704102,2.1472039988629024,2.19265567345121,,,,,
2019-05-03,101.03314208984376,46.821937561035156,2.157816343207521,2.1927160236947305,,,,,
2019-05-06,100.72823333740234,45.97170639038086,2.191091896438257,2.1928340915453943,,,,,
2019-05-07,99.80367279052734,45.68500137329102,2.1846047891086613,2.1930118370039478,,,,,
2019-05-08,98.83975982666016,45.437843322753906,2.175274013878299,2.1933050621934447,,,,,
2019-05-09,99.08565521240234,44.20204162597656,2.2416533618703234,2.193664248376962,,,,,
2019-05-10,99.76431274414062,44.34045028686523,2.2499616512395537,2.1940080949072387,,,,,
2019-05-13,98.76107788085938,42.16545104980469,2.3422274734878434,2.1945470420694293,,,,,
2019-05-14,99.0266342163086,42.01715850830078,2.356814161927328,2.1950934770556225,,,,,
2019-05-15,99.12541198730469,41.90839767456055,2.3652875673525524,2.195719153804692,,,,,
2019-05-16,99.62914276123048,42.21487808227539,2.360048098849335,2.1964179082237982,,,,,
2019-05-17,100.05384063720705,40.95930480957031,2.442762178273813,2.1973343291720564,,,,,
2019-05-20,99.45134735107422,40.22771835327149,2.4722094968875212,2.1984958375211714,,,,,
2019-05-21,100.52793884277344,40.811012268066406,2.4632552160788728,2.1997881868987412,,,,,
2019-05-22,100.2118682861328,39.5356674194336,2.5347205403916884,2.2013433573398316,,,,,
2019-05-23,100.14273834228516,38.982032775878906,2.5689460300349176,2.2030001279139615,,,,,
2019-05-24,99.7476577758789,38.16887283325195,2.6133246902953013,2.2047169016584536,,,,,
2019-05-28,98.57230377197266,38.37712097167969,2.5685174206974484,2.206342384811575,,,,,
2019-05-29,98.42414093017578,38.446537017822266,2.5600261704857923,2.2079999868855813,,,,,
2019-05-30,100.30077362060548,38.972110748291016,2.573655152229696,2.209787410790029,,,,,
2019-05-31,101.09092712402344,39.67618942260742,2.5478990950280624,2.211541029696552,,,,,
2019-06-03,102.82927703857422,40.410011291503906,2.5446485599026247,2.2132763518762237,,,,,
2019-06-04,105.65409088134766,40.3703498840332,2.6171210104655223,2.215185339828907,,,,,
2019-06-05,105.97015380859376,41.00501251220703,2.5843219478849533,2.217053045543177,,,,,
2019-06-06,107.08625030517578,39.953857421875,2.6802480965591413,2.21913074345903,,,,,
2019-06-07,107.72826385498048,40.52901077270508,2.658053127897507,2.2210996903366484,,,,,
2019-06-10,107.3134307861328,41.03476333618164,2.6151833728625693,2.2229471084954247,,,,,
2019-06-11,106.24671173095705,40.83642578125,2.6017632468642766,2.2247761442104346,,,,,
2019-06-12,107.59986114501952,40.84634399414063,2.6342592903897253,2.226899092876224,,,,,
2019-06-13,107.63937377929688,40.816593170166016,2.6371474299813316,2.2289721303650434,,,,,
2019-06-14,108.43939971923828,40.816593170166016,2.656747937466267,2.2310544603834286,,,,,
2019-06-17,107.8171615600586,40.6281852722168,2.653752827936136,2.233196580937281,,,,,
2019-06-18,107.37268829345705,42.20491790771485,2.5440800175997937,2.2350890547985864,,,,,
2019-06-19,108.10358428955078,44.47581100463867,2.430615245628145,2.236683488426692,,,,,
2019-06-20,109.25919342041016,45.84429168701172,2.3832671287920606,2.2381682523937663,,,,,
2019-06-21,108.91349792480469,45.685630798339844,2.3839771066215083,2.239642395609329,,,,,
2019-06-24,109.2987060546875,45.55671691894531,2.3991787259198722,2.241107774990322,,,,,
2019-06-25,108.9530029296875,45.59637832641602,2.3895100209431797,2.2425558351909953,,,,,
2019-06-26,108.76535034179688,45.94346618652344,2.3673736304576196,2.243993680657574,,,,,
2019-06-27,109.1999282836914,45.69555282592773,2.3897276984409563,2.2453644877020134,,,,,
2019-06-28,109.30857849121094,45.81454467773438,2.385892498989176,2.2466770826737186,,,,,
2019-07-01,108.1430892944336,45.69555282592773,2.3665998681839566,2.247927096763351,,,,,
2019-07-02,109.53575134277344,44.10889434814453,2.4833030381180055,2.2494371810428615,,,,,
2019-07-03,109.61476135253906,44.07914733886719,2.486771364016047,2.251006622519293,,,,,
2019-07-05,108.88385772705078,44.01964569091797,2.4735287169636497,2.2525655700042657,,,,,
2019-07-08,108.69620513916016,42.7602424621582,2.5419922544956033,2.254245826136399,,,,,
2019-07-09,109.13079071044922,42.93873977661133,2.5415461953052616,2.255672713448013,,,,,
2019-07-10,109.61476135253906,43.83123397827149,2.500836764186893,2.2571975388395487,,,,,
2019-07-11,110.1283721923828,44.05931091308594,2.499548220570873,2.2585946048664907,,,,,
2019-07-12,109.68391418457031,43.33540725708008,2.5310461151060326,2.2600061473275956,,,,,
2019-07-15,110.5530776977539,43.81139755249024,2.5233862390557333,2.2613757288583787,,,,,
2019-07-16,110.16787719726562,44.029563903808594,2.5021341896083604,2.262787296121782,,,,,
2019-07-17,110.3950424194336,43.98989868164063,2.509554368796658,2.2642861424207172,,,,,
2019-07-18,111.66917419433594,44.04939651489258,2.5350897635244993,2.265879930733548,,,,,
2019-07-19,111.14569854736328,43.970062255859375,2.5277584985122963,2.2674388276935793,,,,,
2019-07-22,111.88646697998048,43.14698791503906,2.593146645608186,2.2691343457089053,,,,,
2019-07-23,111.53089904785156,43.2659912109375,2.577795999266438,2.2708905409750026,,,,,
2019-07-24,111.27410125732422,44.029563903808594,2.527258764143674,2.2725509182242227,,,,,
2019-07-25,111.5012664794922,44.45597839355469,2.508127601925816,2.2740873805347688,,,,,
2019-07-26,112.61736297607422,44.931976318359375,2.5063968292455976,2.275559805714115,,,,,
2019-07-29,112.6963882446289,45.05096817016602,2.501530884285402,2.276921870929596,,,,,
2019-07-30,111.84696197509766,43.63290023803711,2.5633629982174493,2.2784442010002306,,,,,
2019-07-31,111.13581848144531,45.120384216308594,2.463095570034523,2.2797091765827124,,,,,
2019-08-01,115.50144958496094,44.327064514160156,2.605664301277255,2.281283182156494,,,,,
2019-08-02,115.90640258789062,44.79313659667969,2.587592908072489,2.282755913198157,,,,,
2019-08-05,113.65444946289062,42.46274185180664,2.676568787280396,2.284324276472762,,,,,
2019-08-06,114.62239074707031,44.287391662597656,2.588149503595019,2.2856553834580082,,,,,
2019-08-07,114.8298110961914,43.67256927490234,2.629334912113393,2.287146193739206,,,,,
2019-08-08,115.87677001953124,44.47581100463867,2.605388578691588,2.288554633609008,,,,,
2019-08-09,117.55585479736328,43.45439910888672,2.7052693676144357,2.2901002585035677,,,,,
2019-08-12,115.10636901855469,42.661075592041016,2.6981590928295605,2.291666871997389,,,,,
2019-08-13,115.68910217285156,42.71065902709961,2.7086705007161713,2.2933179525394087,,,,,
2019-08-14,114.12854766845705,41.47108840942383,2.752002709495385,2.2951211418673036,,,,,
2019-08-15,114.96808624267578,42.24457931518555,2.7214873033745306,2.2968502251000658,,,,,
2019-08-16,114.61123657226562,43.741981506347656,2.620165630942753,2.2983335127446383,,,,,
2019-08-19,115.4438934326172,45.05096817016602,2.5625174801252615,2.299672984108537,,,,,
2019-08-20,115.5529327392578,45.28896713256836,2.551458778051067,2.3009769244566574,,,,,
2019-08-21,116.20718383789062,44.84272766113281,2.5914387883815677,2.302406279612685,,,,,
2019-08-22,116.2864761352539,43.741981506347656,2.6584638402441576,2.30410060970892,,,,,
2019-08-23,114.3039321899414,42.21482849121094,2.7076725471889413,2.3058294033362206,,,,,
2019-08-26,116.20718383789062,42.08555221557617,2.76121323637715,2.307685180673152,,,,,
2019-08-27,115.94944763183594,42.9407844543457,2.7002172667598203,2.3093760791846334,,,,,
2019-08-28,115.93953704833984,43.935245513916016,2.6388730890696226,2.3107752601058658,,,,,
2019-08-29,116.2864761352539,45.078880310058594,2.5796221054165476,2.3120988593048826,,,,,
2019-08-30,115.7611083984375,45.1783218383789,2.5623153691401317,2.3134236925588123,,,,,
2019-09-03,115.69171905517578,43.39823913574219,2.6658159722405346,2.314978438794081,,,,,
2019-09-04,116.8614273071289,44.07447052001953,2.651453912623818,2.316571520435286,,,,,
2019-09-05,117.12906646728516,45.85455322265625,2.5543606520063733,2.318117223936613,,,,,
2019-09-06,118.16990661621094,45.54627227783203,2.5945022656382304,2.3197403561761676,,,,,
2019-09-09,116.78211212158205,45.4169921875,2.571330827886125,2.3213085644648497,,,,,
2019-09-10,114.26427459716795,45.69544219970703,2.50056174306812,2.3226930965665287,,,,,
2019-09-11,112.8071060180664,46.08327865600586,2.4478967058773864,2.3240285643521874,,,,,
2019-09-12,112.28173065185548,47.64458465576172,2.3566525233267432,2.3250941334286552,,,,,
2019-09-13,110.38839721679688,46.34183883666992,2.3820461161642,2.3263396144418347,,,,,
2019-09-16,109.57555389404295,46.2722282409668,2.368063049037068,2.327692710846754,,,,,
2019-09-17,111.81583404541016,46.242393493652344,2.4180373375517212,2.329235077760159,,,,,
2019-09-18,113.5802993774414,45.4169921875,2.500832703947793,2.330901532876103,,,,,
2019-09-19,113.1044921875,45.48660659790039,2.486544955690776,2.3324954517676844,,,,,
2019-09-20,111.32019805908205,44.4125862121582,2.506501141980502,2.334178703017898,,,,,
2019-09-23,112.59893798828124,45.32749557495117,2.484119992954244,2.3358993146912406,,,,,
2019-09-24,111.2607192993164,44.770591735839844,2.4851295233216617,2.3376082333993407,,,,,
2019-09-25,110.53709411621094,45.14849090576172,2.4483009708327708,2.339212166461857,,,,,
2019-09-26,111.82574462890624,45.52638244628906,2.4562844359715066,2.3408223330485076,,,,,
2019-09-27,112.0041732788086,44.70098114013672,2.505631205894064,2.3425834671267993,,,,,
2019-09-30,112.44033813476562,45.1783218383789,2.488811747745083,2.3441886677297084,,,,,
2019-10-01,111.90504455566406,43.92530059814453,2.5476215992108906,2.3460057363624984,,,,,
2019-10-02,111.68695831298828,43.10984420776367,2.590753002370501,2.3478888639238287,,,,,
2019-10-03,112.68815612792969,43.69657516479492,2.5788784522114976,2.349807382053591,,,,,
2019-10-04,113.65960693359376,43.577239990234375,2.6082332648663566,2.351754226950608,,,,,
2019-10-07,112.69806671142578,43.34851455688477,2.5998138082340967,2.35371277255213,,,,,
2019-10-08,111.60765838623048,42.274497985839844,2.6400705792796,2.3556839452457594,,,,,
2019-10-09,112.3412094116211,42.51316833496094,2.642503812618376,2.357724717543382,,,,,
2019-10-10,113.33248901367188,42.771728515625,2.6497056103839767,2.359660026410764,,,,,
2019-10-11,113.45143127441406,44.24353408813477,2.5642488470386335,2.3611392216872114,,,,,
2019-10-14,111.83565521240234,42.96067810058594,2.603209729384533,2.362727445953547,,,,,
2019-10-15,110.32891845703124,44.05458068847656,2.504368824599667,2.3641078618481237,,,,,
2019-10-16,110.5073471069336,43.58718872070313,2.535317150528788,2.365591839198563,,,,,
2019-10-17,109.40703582763672,43.82585525512695,2.4964038965294986,2.366907992232774,,,,,
2019-10-18,111.32019805908205,43.577239990234375,2.554549073875005,2.368421786848342,,,,,
2019-10-21,111.33010864257812,43.786075592041016,2.542591614737325,2.3699113936237644,,,,,
2019-10-22,109.13938903808594,43.14962387084961,2.5293242268982263,2.3714886410274185,,,,,
2019-10-23,108.3166275024414,42.52311325073242,2.547241234755448,2.3731297213537306,,,,,
2019-10-24,107.99942016601562,42.90100860595703,2.5174098156521976,2.374817078865527,,,,,
2019-10-25,108.14810943603516,43.3286247253418,2.495996817844581,2.3764316858740124,,,,,
2019-10-28,108.55453491210938,43.268959045410156,2.5088316730287628,2.378060150045535,,,,,
2019-10-29,108.76270294189452,43.96508026123047,2.473842929335085,2.3795250087136792,,,,,
2019-10-30,102.43836212158205,43.7761344909668,2.340050425025997,2.38062858856609,,,,,
2019-10-31,100.82258605957031,42.26455307006836,2.3855117051024157,2.38185502624869,,,,,
2019-11-01,98.7805633544922,41.210426330566406,2.3969798944114573,2.383062363861359,,,,,
2019-11-04,97.59103393554688,41.826995849609375,2.333206866838807,2.3841365164782435,,,,,
2019-11-05,97.07557678222656,42.50322723388672,2.283957786265009,2.3849976093859455,,,,,
2019-11-06,99.21672058105469,42.40377807617188,2.339808504865464,2.385882332044161,,,,,
2019-11-07,98.7904815673828,43.27890396118164,2.2826474916275936,2.3866008216685497,,,,,
2019-11-08,98.037109375,43.60707473754883,2.2481927523238103,2.3873304706794776,,,,,
2019-11-11,97.96772003173828,43.38829803466797,2.257929544815527,2.388004930683314,,,,,
2019-11-12,97.48199462890624,42.572837829589844,2.2897697123012155,2.3888003967211913,,,,,
2019-11-13,97.52164459228516,42.42366790771485,2.2987556098267166,2.3895440963379673,,,,,
2019-11-14,97.2540054321289,42.20488739013672,2.30433040925154,2.390294371864888,,,,,
2019-11-15,97.42251586914062,42.55295181274414,2.2894420179792005,2.390990158574205,,,,,
2019-11-18,97.42251586914062,42.46344757080078,2.2942676923889582,2.3916985202707504,,,,,
2019-11-19,97.2242660522461,43.03028869628906,2.2594379214711315,2.392383307113744,,,,,
2019-11-20,97.68221282958984,42.2148323059082,2.3139310875793453,2.3930530160819172,,,,,
2019-11-21,97.46319580078124,41.90654754638672,2.325727159768969,2.393792252680204,,,,,
2019-11-22,97.1844482421875,42.04577255249024,2.311396422098363,2.3945004241628043,,,,,
2019-11-25,97.5727081298828,43.4320068359375,2.246562276029736,2.3950017228045937,,,,,
2019-11-26,99.30493927001952,44.36946105957031,2.238137153315723,2.3954567959248685,,,,,
2019-11-27,100.1909637451172,43.98051452636719,2.2780762077044536,2.396048614658952,,,,,
2019-11-29,100.22083282470705,44.39937973022461,2.257257498497942,2.396445475398305,,,,,
2019-12-02,100.11132049560548,44.3195915222168,2.258850252386037,2.3968152874344106,,,,,
2019-12-03,99.00627136230469,43.97054290771485,2.2516499641612007,2.3971295000957857,,,,,
2019-12-04,98.75739288330078,44.08024597167969,2.240400222511227,2.397398583404228,,,,,
2019-12-05,98.0804214477539,44.60881042480469,2.198678254670884,2.397472524235392,,,,,
2019-12-06,98.32930755615234,44.66864776611328,2.201304773563066,2.3976427775991067,,,,,
2019-12-09,98.5383758544922,45.15731811523438,2.182113109619082,2.397911716762592,,,,,
2019-12-10,98.79721069335938,45.03764343261719,2.1936585301398877,2.3982531854546947,,,,,
2019-12-11,98.99632263183594,45.84545135498047,2.159348849361505,2.3984737709898507,,,,,
2019-12-12,99.38458251953124,46.35406875610352,2.144031477419015,2.398581880185992,,,,,
2019-12-13,99.663330078125,47.15189743041992,2.1136653137913273,2.3985458962079753,,,,,
2019-12-16,100.43984985351562,47.81011199951172,2.100807667100663,2.398539277290426,,,,,
2019-12-17,99.17552185058594,47.6206283569336,2.08261682536463,2.398418151233851,,,,,
2019-12-18,98.29944610595705,47.39125061035156,2.0742108477822216,2.398351315123975,,,,,
2019-12-19,99.37462615966795,47.830055236816406,2.0776607024107294,2.398307513477385,,,,,
2019-12-20,100.14118957519531,48.52816009521485,2.0635686450653172,2.3981308244446957,,,,,
2019-12-23,99.36466979980469,48.18908309936523,2.061974692378274,2.3980088706917577,,,,,
2019-12-24,99.88235473632812,48.24892044067383,2.0701469343576715,2.397848046561474,,,,,
2019-12-26,101.3358383178711,48.41845703125,2.0929175469690704,2.397896977533899,,,,,
2019-12-27,101.44535064697266,48.52816009521485,2.090442960292157,2.397997695540502,,,,,
2019-12-30,100.1909637451172,47.99959945678711,2.0873291627218,2.398169216926363,,,,,
2019-12-31,100.28057098388672,47.879920959472656,2.094418056136056,2.398350366446552,,,,,
2020-01-02,101.71414184570312,48.99688720703125,2.075930689554228,2.398187063421425,,,,,
2020-01-03,101.39556884765624,48.28881072998047,2.0997735772503514,2.397910439886793,,,,,
2020-01-06,101.3358383178711,47.74029922485352,2.122647741284282,2.3978799188142332,,,,,
2020-01-07,101.5150375366211,47.80014038085938,2.123739318080973,2.397769463838493,,,,,
2020-01-08,101.69422912597656,48.408485412597656,2.100752135895415,2.397543537565545,,,,,
2020-01-09,102.50061798095705,48.36859512329102,2.119156401373331,2.3973081999988106,,,,,
2020-01-10,101.2362823486328,48.66778182983398,2.0801499173026547,2.39700882891602,,,,,
2020-01-13,99.89230346679688,47.99959945678711,2.0811070216685357,2.3966383373595304,,,,,
2020-01-14,100.27061462402344,48.32870101928711,2.074763287844365,2.3963098978168493,,,,,
2020-01-15,100.78829193115234,48.5181884765625,2.0773300713780722,2.395935696627465,,,,,
2020-01-16,101.70419311523438,49.49553298950195,2.054815595920665,2.3955670255598998,,,,,
2020-01-17,104.9297332763672,49.71493530273438,2.1106279760278785,2.395367124614873,,,,,
2020-01-21,105.12883758544922,45.8753662109375,2.2916184930723156,2.39571715315467,,,,,
2020-01-22,106.01486206054688,46.86268615722656,2.2622446716959828,2.3960744067702495,,,,,
2020-01-23,105.50714874267578,44.55894470214844,2.367810760509072,2.396649806225872,,,,,
2020-01-24,104.51160430908205,44.13010787963867,2.368260793608959,2.3971905943561316,,,,,
2020-01-27,103.92423248291016,41.806419372558594,2.4858438977226833,2.3980170795126328,,,,,
2020-01-28,104.3523178100586,44.92794036865234,2.3226597291975697,2.398511079192407,,,,,
2020-01-29,106.15423583984376,44.8880500793457,2.364866276262876,2.3991213332089285,,,,,
2020-01-30,106.12437438964844,43.88078689575195,2.4184701756094125,2.399939213254766,,,,,
2020-01-31,105.2980728149414,42.95330810546875,2.4514543223630083,2.400892650639525,,,,,
2020-02-03,105.93522644042969,43.00317001342773,2.463428310223443,2.4018447726451155,,,,,
2020-02-04,106.23388671875,44.18994903564453,2.404028269710371,2.4026514214192787,,,,,
2020-02-05,106.30357360839844,44.33953857421875,2.3974893971992914,2.403505030879976,,,,,
2020-02-06,103.27713775634766,43.61151885986328,2.3681160495282834,2.4043569851941413,,,,,
2020-02-07,101.58472442626952,42.59428024291992,2.3849381618123497,2.405208761851614,,,,,
2020-02-10,102.41101837158205,42.29509353637695,2.4213451208826595,2.4062668800066467,,,,,
2020-02-11,103.58575439453124,43.69130325317383,2.370855220186332,2.407212125722678,,,,,
2020-02-12,104.8699951171875,45.29693603515625,2.315167521171739,2.4080527003798333,,,,,
2020-02-13,105.02999877929688,44.8880500793457,2.3398209232444303,2.40890597755349,,,,,
2020-02-14,105.27999877929688,44.72848129272461,2.3537575105735007,2.4097124690909206,,,,,
2020-02-18,104.02999877929688,44.678619384765625,2.328406746041233,2.410468474522959,0.3187134807563101,2.729181955279269,2.091754993766649,,
2020-02-19,105.19000244140624,45.915260314941406,2.290959513675589,2.4111266653068464,0.31876016639748495,2.729886831704331,2.0923664989093615,,
2020-02-20,103.87000274658205,45.92523193359375,2.261719720801288,2.4117670876525272,0.31882849091064425,2.7305955785631717,2.0929385967418828,,
2020-02-21,103.51000213623048,45.74571990966797,2.26272539465172,2.4123926881631235,0.31890015904497504,2.7312928472080986,2.0934925291181483,,
2020-02-24,100.25,43.9904899597168,2.2789016465104495,2.4131362031041013,0.3189380852767191,2.7320742883808204,2.094198117827382,,
2020-02-25,97.9499969482422,43.69130325317383,2.241864848495379,2.4137871976751066,0.3190210508985931,2.7328082485736997,2.0947661467765135,,
2020-02-26,97.5,43.3921127319336,2.2469521270451236,2.4144037924779096,0.3191099142617404,2.73351370673965,2.095293878216169,,
2020-02-27,92.66999816894531,43.63146591186523,2.123925846455332,2.4147122383608095,0.31941286496676013,2.7341251033275698,2.0952993733940493,,
2020-02-28,89.25,43.67135620117188,2.0436736516464094,2.4146244125361593,0.31992207729168914,2.7345464898278484,2.0947023352444702,,True
2020-03-02,92.52999877929688,44.17000198364258,2.0948606435101222,2.414862858875307,0.3202915237502469,2.735154382625554,2.0945713351250603,,
2020-03-03,91.30999755859376,44.77000045776367,2.0395353277857624,2.4149196943871645,0.3208106981273717,2.735730392514536,2.0941089962597927,,True
2020-03-04,94.62999725341795,45.22999954223633,2.0921954059506747,2.4150493697416864,0.32119686397928926,2.7362462337209754,2.0938525057623973,,True
2020-03-05,90.91999816894531,44.16999816894531,2.058410729862077,2.4150047201221145,0.32166448022453925,2.736669200346654,2.093340239897575,,True
2020-03-06,89.4000015258789,42.56999969482422,2.100070523062475,2.4149693518694044,0.3220141075978586,2.736983459467263,2.092955244271546,,
2020-03-09,83.69999694824219,42.93000030517578,1.9496854496446636,2.414665148668021,0.32280890292660264,2.7374740515946234,2.0918562457414183,,True
2020-03-10,86.77999877929688,43.65999984741211,1.9876316784834036,2.4143957574909733,0.32346896990862706,2.7378647273996,2.0909267875823465,,True
2020-03-11,80.97000122070312,41.77999877929688,1.9380087024039347,2.4139161793642416,0.32426970020938,2.7381858795736216,2.0896464791548617,,True
2020-03-12,78.44999694824219,39.2400016784668,1.999235310718453,2.4135544356813154,0.3248589049162015,2.738413340597517,2.088695530765114,,True
2020-03-13,78.45999908447266,41.72999954223633,1.8801821218584167,2.412925753710332,0.3258619821934431,2.738787735903775,2.0870637715168887,,True
2020-03-16,69.83000183105469,41.36000061035156,1.6883462475959845,2.4118460021369494,0.3277350040420943,2.7395810061790438,2.084110998094855,,True
2020-03-17,65.48999786376953,43.93999862670898,1.4904415091165106,2.4103093143102927,0.33076469020880694,2.7410740045190995,2.079544624101486,,True
2020-03-18,60.68999862670898,40.7599983215332,1.4889597920971185,2.408786049447969,0.3337709474972647,2.7425569969452335,2.0750151019507044,,True
2020-03-19,62.599998474121094,40.0099983215332,1.5646088752878067,2.4074155716094996,0.33626259587484786,2.7436781674843473,2.071152975734652,,True
2020-03-20,58.08000183105469,40.70000076293945,1.4270270452658342,2.4056133505973594,0.3395678367031127,2.745181187300472,2.0660455138942466,,True
2020-03-23,56.52000045776367,41.2599983215332,1.3698498002183974,2.4033231525291976,0.34300644461518504,2.7463295971443826,2.0603167079140126,,True
2020-03-24,69.66000366210939,42.900001525878906,1.6237762513851621,2.4017435149405,0.34489840690837353,2.7466419218488736,2.056845108032127,,True
2020-03-25,72.87000274658203,44.459999084472656,1.639001445054716,2.4001340170068777,0.3466430130239459,2.7467770300308234,2.053491003982932,,True
2020-03-26,75.75,45.04999923706055,1.6814650673219986,2.3983901633222273,0.34794175617686407,2.7463319194990916,2.050448407145363,,True
2020-03-27,68.52999877929689,42.560001373291016,1.6101972877825992,2.397018605747929,0.3499872868326336,2.7470058925805625,2.047031318915295,,True
2020-03-30,70.66999816894531,42.310001373291016,1.6702906139246092,2.3959913097570276,0.3517638575006441,2.7477551672576714,2.0442274522563837,,True
2020-03-31,68.52999877929689,42.63000106811523,1.6075532972611948,2.3946647450852723,0.3538077117469199,2.748472456832192,2.0408570333383524,,True
2020-04-01,67.65000152587889,40.9900016784668,1.6504025068488188,2.3934085164839933,0.3556029171161328,2.749011433600126,2.0378055993678608,,True
2020-04-02,66.05000305175781,42.0,1.572619120279948,2.391891149912108,0.35775469873548815,2.749645848647596,2.03413645117662,,True
2020-04-03,63.29999923706055,41.290000915527344,1.5330587995520295,2.390151369646138,0.36003594805745337,2.7501873177035914,2.0301154215886847,,True
2020-04-06,70.5,43.66999816894531,1.61438064932492,2.3884918102606933,0.3617830989571435,2.7502749092178367,2.02670871130355,,True
2020-04-07,71.3499984741211,43.349998474121094,1.6459054437271856,2.3868187223310184,0.3632891558579308,2.7501078781889494,2.0235295664730875,,True
2020-04-08,75.37000274658203,44.849998474121094,1.6804906423814328,2.385289170781655,0.36466740394786834,2.749956574729523,2.0206217668337865,,True
2020-04-09,80.37000274658203,45.47999954223633,1.7671504739560098,2.3839258307856577,0.3656316175064591,2.7495574482921166,2.018294213279199,,True
2020-04-13,77.05999755859375,45.75,1.6843715313353824,2.382315173400198,0.3668989985871259,2.7492141719873238,2.015416174813072,,True
2020-04-14,79.88999938964844,45.9900016784668,1.7371166878442217,2.3807683801145254,0.3678727324781723,2.748641112592698,2.012895647636353,,True
2020-04-15,77.63999938964844,44.66999816894531,1.7380793053988515,2.379225958532923,0.3688361605642778,2.748062119097201,2.0103897979686454,,True
2020-04-16,80.11000061035156,43.56999969482422,1.8386504744425787,2.378093043656464,0.36954832349864697,2.747641367155111,2.008544720157817,,True
2020-04-17,84.16999816894531,45.36999893188477,1.8551906579348183,2.37692621326014,0.3701432942485204,2.74706950750866,2.0067829190116195,,True
2020-04-20,82.06999969482422,45.209999084472656,1.8153063781638321,2.37562458544015,0.3708390033839638,2.746463588824114,2.004785582056186,,True
2020-04-21,81.19999694824219,44.43999862670898,1.8271827060642618,2.374277450126182,0.3714216210817951,2.745699071207977,2.0028558290443867,,True
